"Provider","PotentialFraud"
"PRV51001","No"
"PRV51003","Yes"
"PRV51004","No"
"PRV51005","Yes"
"PRV51007","No"
"PRV51008","No"
"PRV51011","No"
"PRV51012","No"
"PRV51013","No"
"PRV51014","No"
"PRV51015","No"
"PRV51016","No"
"PRV51017","No"
"PRV51021","Yes"
"PRV51023","No"
"PRV51024","No"
"PRV51025","No"
"PRV51026","No"
"PRV51027","No"
"PRV51029","No"
"PRV51030","No"
"PRV51031","No"
"PRV51032","No"
"PRV51035","No"
"PRV51036","No"
"PRV51037","Yes"
"PRV51038","No"
"PRV51040","No"
"PRV51041","No"
"PRV51042","No"
"PRV51043","No"
"PRV51044","No"
"PRV51045","No"
"PRV51046","No"
"PRV51047","No"
"PRV51048","No"
"PRV51049","No"
"PRV51052","Yes"
"PRV51053","No"
"PRV51054","No"
"PRV51055","No"
"PRV51056","No"
"PRV51057","No"
"PRV51058","No"
"PRV51059","Yes"
"PRV51060","No"
"PRV51061","No"
"PRV51062","No"
"PRV51063","No"
"PRV51064","Yes"
"PRV51065","No"
"PRV51066","No"
"PRV51067","Yes"
"PRV51068","No"
"PRV51070","No"
"PRV51071","No"
"PRV51072","No"
"PRV51074","No"
"PRV51075","No"
"PRV51076","No"
"PRV51077","Yes"
"PRV51078","No"
"PRV51081","No"
"PRV51082","No"
"PRV51083","No"
"PRV51084","Yes"
"PRV51086","No"
"PRV51089","No"
"PRV51090","No"
"PRV51091","No"
"PRV51093","No"
"PRV51096","No"
"PRV51097","No"
"PRV51098","No"
"PRV51100","No"
"PRV51101","No"
"PRV51102","No"
"PRV51103","Yes"
"PRV51104","No"
"PRV51105","No"
"PRV51108","No"
"PRV51109","No"
"PRV51110","No"
"PRV51111","No"
"PRV51112","No"
"PRV51113","No"
"PRV51114","No"
"PRV51115","No"
"PRV51117","No"
"PRV51118","No"
"PRV51119","Yes"
"PRV51120","No"
"PRV51121","No"
"PRV51122","No"
"PRV51123","No"
"PRV51125","No"
"PRV51126","Yes"
"PRV51128","No"
"PRV51129","No"
"PRV51130","No"
"PRV51131","No"
"PRV51132","No"
"PRV51134","No"
"PRV51135","No"
"PRV51136","No"
"PRV51137","No"
"PRV51138","No"
"PRV51139","No"
"PRV51140","No"
"PRV51141","No"
"PRV51142","No"
"PRV51143","No"
"PRV51144","No"
"PRV51145","Yes"
"PRV51146","Yes"
"PRV51147","No"
"PRV51148","Yes"
"PRV51149","Yes"
"PRV51151","No"
"PRV51152","No"
"PRV51153","No"
"PRV51154","No"
"PRV51155","No"
"PRV51156","No"
"PRV51159","Yes"
"PRV51160","No"
"PRV51164","No"
"PRV51165","No"
"PRV51166","No"
"PRV51167","No"
"PRV51168","No"
"PRV51169","No"
"PRV51170","Yes"
"PRV51171","No"
"PRV51173","Yes"
"PRV51175","No"
"PRV51176","No"
"PRV51178","Yes"
"PRV51179","No"
"PRV51180","No"
"PRV51181","No"
"PRV51183","No"
"PRV51185","No"
"PRV51186","No"
"PRV51189","No"
"PRV51190","No"
"PRV51191","No"
"PRV51194","No"
"PRV51196","No"
"PRV51198","No"
"PRV51200","No"
"PRV51201","No"
"PRV51202","No"
"PRV51203","No"
"PRV51204","No"
"PRV51205","No"
"PRV51206","No"
"PRV51207","No"
"PRV51209","No"
"PRV51210","No"
"PRV51211","No"
"PRV51212","No"
"PRV51213","No"
"PRV51214","No"
"PRV51215","No"
"PRV51216","No"
"PRV51217","No"
"PRV51218","No"
"PRV51219","No"
"PRV51221","No"
"PRV51222","No"
"PRV51224","No"
"PRV51225","No"
"PRV51226","No"
"PRV51228","No"
"PRV51229","No"
"PRV51230","No"
"PRV51231","No"
"PRV51232","No"
"PRV51233","No"
"PRV51234","No"
"PRV51235","No"
"PRV51236","No"
"PRV51237","No"
"PRV51238","No"
"PRV51239","No"
"PRV51240","No"
"PRV51241","No"
"PRV51242","Yes"
"PRV51243","No"
"PRV51244","Yes"
"PRV51245","No"
"PRV51247","No"
"PRV51248","No"
"PRV51249","Yes"
"PRV51250","No"
"PRV51251","No"
"PRV51252","No"
"PRV51253","No"
"PRV51255","No"
"PRV51256","No"
"PRV51258","No"
"PRV51259","No"
"PRV51260","No"
"PRV51261","No"
"PRV51262","No"
"PRV51263","Yes"
"PRV51264","No"
"PRV51265","No"
"PRV51266","No"
"PRV51267","No"
"PRV51271","No"
"PRV51272","No"
"PRV51273","No"
"PRV51274","No"
"PRV51276","No"
"PRV51277","No"
"PRV51279","No"
"PRV51280","No"
"PRV51281","No"
"PRV51282","No"
"PRV51284","No"
"PRV51285","No"
"PRV51286","No"
"PRV51287","No"
"PRV51288","No"
"PRV51289","No"
"PRV51290","No"
"PRV51292","No"
"PRV51293","No"
"PRV51295","No"
"PRV51296","No"
"PRV51297","No"
"PRV51298","No"
"PRV51299","No"
"PRV51300","No"
"PRV51301","No"
"PRV51302","No"
"PRV51303","No"
"PRV51304","No"
"PRV51305","No"
"PRV51306","No"
"PRV51307","No"
"PRV51308","No"
"PRV51309","No"
"PRV51311","No"
"PRV51312","No"
"PRV51313","No"
"PRV51314","No"
"PRV51315","No"
"PRV51316","No"
"PRV51318","No"
"PRV51322","No"
"PRV51323","No"
"PRV51324","No"
"PRV51325","No"
"PRV51326","No"
"PRV51327","No"
"PRV51328","No"
"PRV51329","No"
"PRV51330","No"
"PRV51331","No"
"PRV51334","No"
"PRV51335","No"
"PRV51336","No"
"PRV51337","Yes"
"PRV51338","Yes"
"PRV51340","No"
"PRV51341","No"
"PRV51342","No"
"PRV51344","No"
"PRV51345","No"
"PRV51346","No"
"PRV51347","Yes"
"PRV51348","No"
"PRV51349","No"
"PRV51350","No"
"PRV51351","No"
"PRV51352","No"
"PRV51353","No"
"PRV51354","No"
"PRV51355","No"
"PRV51356","No"
"PRV51357","Yes"
"PRV51358","No"
"PRV51360","No"
"PRV51361","No"
"PRV51362","No"
"PRV51363","No"
"PRV51364","No"
"PRV51366","No"
"PRV51368","No"
"PRV51369","Yes"
"PRV51371","No"
"PRV51376","No"
"PRV51377","No"
"PRV51378","Yes"
"PRV51379","No"
"PRV51380","No"
"PRV51382","No"
"PRV51383","No"
"PRV51386","No"
"PRV51387","No"
"PRV51388","No"
"PRV51389","No"
"PRV51390","Yes"
"PRV51391","No"
"PRV51392","No"
"PRV51393","Yes"
"PRV51394","No"
"PRV51395","No"
"PRV51396","No"
"PRV51397","No"
"PRV51398","No"
"PRV51399","Yes"
"PRV51401","Yes"
"PRV51403","No"
"PRV51404","No"
"PRV51405","No"
"PRV51406","No"
"PRV51408","No"
"PRV51409","No"
"PRV51410","Yes"
"PRV51412","No"
"PRV51414","No"
"PRV51415","No"
"PRV51416","No"
"PRV51418","No"
"PRV51419","No"
"PRV51421","Yes"
"PRV51422","No"
"PRV51423","No"
"PRV51424","No"
"PRV51425","No"
"PRV51426","Yes"
"PRV51427","No"
"PRV51428","No"
"PRV51429","No"
"PRV51430","No"
"PRV51431","No"
"PRV51432","No"
"PRV51433","Yes"
"PRV51434","Yes"
"PRV51435","No"
"PRV51436","No"
"PRV51437","No"
"PRV51438","No"
"PRV51439","No"
"PRV51440","No"
"PRV51441","No"
"PRV51442","No"
"PRV51443","No"
"PRV51444","No"
"PRV51446","No"
"PRV51447","Yes"
"PRV51448","No"
"PRV51449","No"
"PRV51451","No"
"PRV51453","No"
"PRV51454","No"
"PRV51455","No"
"PRV51456","No"
"PRV51458","No"
"PRV51459","Yes"
"PRV51460","No"
"PRV51462","No"
"PRV51464","No"
"PRV51465","No"
"PRV51466","No"
"PRV51467","No"
"PRV51468","No"
"PRV51469","No"
"PRV51470","No"
"PRV51471","Yes"
"PRV51472","No"
"PRV51474","No"
"PRV51475","No"
"PRV51476","No"
"PRV51477","No"
"PRV51478","No"
"PRV51479","No"
"PRV51480","Yes"
"PRV51482","Yes"
"PRV51483","No"
"PRV51484","No"
"PRV51486","No"
"PRV51487","No"
"PRV51488","No"
"PRV51490","Yes"
"PRV51491","No"
"PRV51492","No"
"PRV51494","No"
"PRV51495","Yes"
"PRV51496","No"
"PRV51497","No"
"PRV51499","No"
"PRV51500","No"
"PRV51501","Yes"
"PRV51502","No"
"PRV51503","No"
"PRV51504","No"
"PRV51505","No"
"PRV51507","Yes"
"PRV51508","No"
"PRV51509","No"
"PRV51510","No"
"PRV51511","No"
"PRV51514","No"
"PRV51515","No"
"PRV51516","No"
"PRV51517","No"
"PRV51518","No"
"PRV51521","No"
"PRV51522","No"
"PRV51523","No"
"PRV51525","No"
"PRV51526","No"
"PRV51527","No"
"PRV51528","No"
"PRV51529","No"
"PRV51531","No"
"PRV51532","No"
"PRV51533","No"
"PRV51534","No"
"PRV51535","No"
"PRV51536","No"
"PRV51539","Yes"
"PRV51540","No"
"PRV51541","No"
"PRV51542","Yes"
"PRV51544","No"
"PRV51546","No"
"PRV51547","No"
"PRV51549","No"
"PRV51550","No"
"PRV51551","No"
"PRV51552","No"
"PRV51553","No"
"PRV51554","No"
"PRV51555","No"
"PRV51556","No"
"PRV51557","No"
"PRV51558","No"
"PRV51560","Yes"
"PRV51562","No"
"PRV51563","No"
"PRV51564","No"
"PRV51566","No"
"PRV51567","Yes"
"PRV51568","No"
"PRV51569","No"
"PRV51570","No"
"PRV51571","No"
"PRV51572","No"
"PRV51573","No"
"PRV51574","Yes"
"PRV51576","No"
"PRV51577","No"
"PRV51578","Yes"
"PRV51579","No"
"PRV51580","No"
"PRV51582","No"
"PRV51583","No"
"PRV51584","Yes"
"PRV51585","No"
"PRV51586","Yes"
"PRV51587","No"
"PRV51588","No"
"PRV51590","Yes"
"PRV51592","No"
"PRV51593","Yes"
"PRV51595","No"
"PRV51596","No"
"PRV51598","No"
"PRV51599","No"
"PRV51600","No"
"PRV51601","No"
"PRV51602","No"
"PRV51604","Yes"
"PRV51605","No"
"PRV51606","No"
"PRV51607","No"
"PRV51608","No"
"PRV51609","No"
"PRV51610","No"
"PRV51611","No"
"PRV51612","No"
"PRV51613","No"
"PRV51614","Yes"
"PRV51616","No"
"PRV51617","No"
"PRV51618","No"
"PRV51619","No"
"PRV51620","No"
"PRV51621","No"
"PRV51622","No"
"PRV51623","No"
"PRV51624","No"
"PRV51625","No"
"PRV51626","No"
"PRV51627","No"
"PRV51628","No"
"PRV51629","No"
"PRV51630","No"
"PRV51631","No"
"PRV51632","No"
"PRV51634","No"
"PRV51635","No"
"PRV51636","No"
"PRV51637","No"
"PRV51638","No"
"PRV51639","No"
"PRV51640","No"
"PRV51641","No"
"PRV51642","No"
"PRV51644","No"
"PRV51645","No"
"PRV51647","No"
"PRV51650","No"
"PRV51652","No"
"PRV51653","No"
"PRV51654","No"
"PRV51655","No"
"PRV51656","No"
"PRV51657","No"
"PRV51658","No"
"PRV51660","No"
"PRV51661","No"
"PRV51664","No"
"PRV51665","No"
"PRV51666","No"
"PRV51668","No"
"PRV51669","No"
"PRV51670","No"
"PRV51671","No"
"PRV51672","No"
"PRV51673","No"
"PRV51674","No"
"PRV51675","No"
"PRV51676","No"
"PRV51678","No"
"PRV51679","No"
"PRV51681","No"
"PRV51682","No"
"PRV51685","No"
"PRV51687","No"
"PRV51688","No"
"PRV51689","No"
"PRV51690","No"
"PRV51691","No"
"PRV51692","No"
"PRV51693","No"
"PRV51694","No"
"PRV51695","No"
"PRV51696","No"
"PRV51697","No"
"PRV51698","No"
"PRV51699","No"
"PRV51702","No"
"PRV51703","No"
"PRV51704","No"
"PRV51705","No"
"PRV51706","No"
"PRV51707","No"
"PRV51708","No"
"PRV51709","No"
"PRV51710","No"
"PRV51711","No"
"PRV51712","No"
"PRV51713","No"
"PRV51715","No"
"PRV51716","No"
"PRV51718","No"
"PRV51719","No"
"PRV51720","No"
"PRV51721","No"
"PRV51722","No"
"PRV51723","No"
"PRV51724","No"
"PRV51725","No"
"PRV51726","No"
"PRV51727","No"
"PRV51729","No"
"PRV51731","No"
"PRV51732","No"
"PRV51733","No"
"PRV51734","No"
"PRV51735","No"
"PRV51736","No"
"PRV51737","No"
"PRV51738","No"
"PRV51739","No"
"PRV51740","No"
"PRV51741","No"
"PRV51742","No"
"PRV51743","No"
"PRV51744","No"
"PRV51745","No"
"PRV51746","No"
"PRV51747","No"
"PRV51748","No"
"PRV51749","No"
"PRV51750","No"
"PRV51751","No"
"PRV51752","No"
"PRV51753","No"
"PRV51754","No"
"PRV51755","No"
"PRV51758","No"
"PRV51759","No"
"PRV51761","No"
"PRV51762","No"
"PRV51763","No"
"PRV51764","No"
"PRV51765","No"
"PRV51766","No"
"PRV51767","No"
"PRV51769","No"
"PRV51770","No"
"PRV51771","No"
"PRV51773","No"
"PRV51774","No"
"PRV51775","No"
"PRV51776","No"
"PRV51778","No"
"PRV51779","No"
"PRV51780","No"
"PRV51781","No"
"PRV51784","No"
"PRV51786","No"
"PRV51787","No"
"PRV51788","No"
"PRV51789","No"
"PRV51790","No"
"PRV51792","No"
"PRV51793","No"
"PRV51794","No"
"PRV51795","No"
"PRV51796","No"
"PRV51797","No"
"PRV51798","No"
"PRV51799","No"
"PRV51801","No"
"PRV51802","No"
"PRV51803","No"
"PRV51805","Yes"
"PRV51806","No"
"PRV51807","No"
"PRV51809","No"
"PRV51810","No"
"PRV51811","No"
"PRV51812","No"
"PRV51813","No"
"PRV51815","No"
"PRV51816","No"
"PRV51818","Yes"
"PRV51819","No"
"PRV51820","No"
"PRV51821","No"
"PRV51822","No"
"PRV51823","No"
"PRV51824","No"
"PRV51826","Yes"
"PRV51827","No"
"PRV51828","No"
"PRV51829","No"
"PRV51830","No"
"PRV51831","No"
"PRV51833","No"
"PRV51836","Yes"
"PRV51837","No"
"PRV51838","No"
"PRV51840","Yes"
"PRV51841","No"
"PRV51842","Yes"
"PRV51843","No"
"PRV51845","No"
"PRV51846","No"
"PRV51847","No"
"PRV51848","No"
"PRV51849","No"
"PRV51851","Yes"
"PRV51852","No"
"PRV51855","No"
"PRV51856","No"
"PRV51857","Yes"
"PRV51858","No"
"PRV51859","No"
"PRV51860","No"
"PRV51861","No"
"PRV51862","No"
"PRV51863","No"
"PRV51864","No"
"PRV51865","No"
"PRV51867","No"
"PRV51868","Yes"
"PRV51869","No"
"PRV51870","No"
"PRV51871","No"
"PRV51872","No"
"PRV51873","Yes"
"PRV51874","No"
"PRV51875","No"
"PRV51876","Yes"
"PRV51877","No"
"PRV51878","No"
"PRV51879","No"
"PRV51884","No"
"PRV51885","No"
"PRV51886","No"
"PRV51887","No"
"PRV51888","No"
"PRV51889","No"
"PRV51890","No"
"PRV51891","No"
"PRV51892","No"
"PRV51894","No"
"PRV51895","No"
"PRV51896","No"
"PRV51897","No"
"PRV51898","No"
"PRV51899","No"
"PRV51901","No"
"PRV51902","No"
"PRV51905","No"
"PRV51906","No"
"PRV51908","No"
"PRV51909","No"
"PRV51910","No"
"PRV51911","No"
"PRV51913","No"
"PRV51914","No"
"PRV51915","No"
"PRV51916","No"
"PRV51917","No"
"PRV51918","No"
"PRV51919","No"
"PRV51920","Yes"
"PRV51921","No"
"PRV51922","No"
"PRV51923","No"
"PRV51924","No"
"PRV51925","No"
"PRV51926","No"
"PRV51927","No"
"PRV51928","No"
"PRV51929","No"
"PRV51930","No"
"PRV51931","No"
"PRV51932","No"
"PRV51933","No"
"PRV51934","No"
"PRV51935","No"
"PRV51936","No"
"PRV51937","No"
"PRV51938","No"
"PRV51940","Yes"
"PRV51941","No"
"PRV51942","No"
"PRV51943","No"
"PRV51944","No"
"PRV51946","No"
"PRV51947","No"
"PRV51948","Yes"
"PRV51949","No"
"PRV51950","No"
"PRV51951","Yes"
"PRV51952","No"
"PRV51954","No"
"PRV51956","No"
"PRV51957","No"
"PRV51958","No"
"PRV51959","No"
"PRV51960","No"
"PRV51961","No"
"PRV51963","No"
"PRV51964","No"
"PRV51965","No"
"PRV51966","No"
"PRV51967","No"
"PRV51968","No"
"PRV51969","No"
"PRV51970","No"
"PRV51972","No"
"PRV51973","No"
"PRV51974","No"
"PRV51976","No"
"PRV51977","No"
"PRV51978","No"
"PRV51979","Yes"
"PRV51981","No"
"PRV51983","No"
"PRV51984","No"
"PRV51987","No"
"PRV51988","No"
"PRV51989","No"
"PRV51990","No"
"PRV51991","No"
"PRV51992","No"
"PRV51993","No"
"PRV51994","No"
"PRV51995","No"
"PRV51996","No"
"PRV51998","No"
"PRV51999","No"
"PRV52001","No"
"PRV52002","Yes"
"PRV52003","No"
"PRV52004","No"
"PRV52007","No"
"PRV52008","No"
"PRV52009","No"
"PRV52010","No"
"PRV52011","No"
"PRV52012","No"
"PRV52013","No"
"PRV52014","No"
"PRV52017","No"
"PRV52019","Yes"
"PRV52020","Yes"
"PRV52021","Yes"
"PRV52022","No"
"PRV52024","No"
"PRV52025","No"
"PRV52026","No"
"PRV52027","No"
"PRV52028","No"
"PRV52029","No"
"PRV52030","Yes"
"PRV52031","No"
"PRV52032","Yes"
"PRV52037","No"
"PRV52038","No"
"PRV52039","No"
"PRV52041","Yes"
"PRV52042","No"
"PRV52044","No"
"PRV52045","Yes"
"PRV52046","No"
"PRV52047","No"
"PRV52048","No"
"PRV52049","No"
"PRV52051","No"
"PRV52052","No"
"PRV52054","No"
"PRV52055","No"
"PRV52056","No"
"PRV52057","No"
"PRV52058","No"
"PRV52059","Yes"
"PRV52061","No"
"PRV52062","No"
"PRV52063","No"
"PRV52064","Yes"
"PRV52065","Yes"
"PRV52066","Yes"
"PRV52068","No"
"PRV52069","No"
"PRV52071","No"
"PRV52072","No"
"PRV52073","No"
"PRV52074","No"
"PRV52075","No"
"PRV52076","No"
"PRV52077","Yes"
"PRV52079","No"
"PRV52081","No"
"PRV52082","No"
"PRV52084","No"
"PRV52085","No"
"PRV52087","No"
"PRV52088","No"
"PRV52089","Yes"
"PRV52090","No"
"PRV52092","No"
"PRV52094","No"
"PRV52095","No"
"PRV52097","No"
"PRV52098","No"
"PRV52099","No"
"PRV52100","Yes"
"PRV52101","No"
"PRV52102","No"
"PRV52104","No"
"PRV52105","No"
"PRV52107","No"
"PRV52109","No"
"PRV52111","No"
"PRV52112","No"
"PRV52113","No"
"PRV52114","Yes"
"PRV52115","Yes"
"PRV52118","No"
"PRV52119","Yes"
"PRV52120","Yes"
"PRV52121","No"
"PRV52122","No"
"PRV52123","Yes"
"PRV52124","Yes"
"PRV52126","No"
"PRV52127","No"
"PRV52128","No"
"PRV52129","No"
"PRV52130","No"
"PRV52131","No"
"PRV52133","No"
"PRV52135","Yes"
"PRV52136","No"
"PRV52138","No"
"PRV52140","No"
"PRV52141","No"
"PRV52142","No"
"PRV52143","No"
"PRV52144","No"
"PRV52145","No"
"PRV52146","No"
"PRV52147","Yes"
"PRV52148","No"
"PRV52149","No"
"PRV52150","No"
"PRV52151","Yes"
"PRV52152","No"
"PRV52154","No"
"PRV52155","No"
"PRV52156","No"
"PRV52157","No"
"PRV52159","No"
"PRV52160","No"
"PRV52161","No"
"PRV52162","No"
"PRV52163","No"
"PRV52165","Yes"
"PRV52166","No"
"PRV52167","No"
"PRV52168","No"
"PRV52169","No"
"PRV52170","No"
"PRV52171","No"
"PRV52173","Yes"
"PRV52174","No"
"PRV52175","No"
"PRV52176","No"
"PRV52177","No"
"PRV52178","Yes"
"PRV52179","No"
"PRV52180","No"
"PRV52181","Yes"
"PRV52182","No"
"PRV52184","No"
"PRV52185","No"
"PRV52186","No"
"PRV52187","No"
"PRV52188","No"
"PRV52189","No"
"PRV52191","No"
"PRV52192","No"
"PRV52193","No"
"PRV52195","Yes"
"PRV52196","No"
"PRV52197","No"
"PRV52199","No"
"PRV52200","No"
"PRV52201","No"
"PRV52202","No"
"PRV52204","No"
"PRV52205","No"
"PRV52206","No"
"PRV52208","No"
"PRV52209","No"
"PRV52211","No"
"PRV52212","No"
"PRV52213","No"
"PRV52214","No"
"PRV52216","No"
"PRV52217","No"
"PRV52218","No"
"PRV52219","No"
"PRV52220","No"
"PRV52221","No"
"PRV52222","No"
"PRV52224","No"
"PRV52225","No"
"PRV52226","No"
"PRV52227","No"
"PRV52228","No"
"PRV52229","No"
"PRV52230","No"
"PRV52231","No"
"PRV52232","No"
"PRV52233","No"
"PRV52235","No"
"PRV52236","No"
"PRV52237","No"
"PRV52238","No"
"PRV52240","No"
"PRV52241","No"
"PRV52242","No"
"PRV52246","No"
"PRV52247","No"
"PRV52248","No"
"PRV52249","No"
"PRV52251","No"
"PRV52252","No"
"PRV52253","No"
"PRV52254","No"
"PRV52255","No"
"PRV52256","No"
"PRV52257","No"
"PRV52260","No"
"PRV52261","No"
"PRV52262","No"
"PRV52263","No"
"PRV52264","No"
"PRV52265","No"
"PRV52266","No"
"PRV52267","No"
"PRV52271","No"
"PRV52272","No"
"PRV52273","No"
"PRV52274","No"
"PRV52275","No"
"PRV52276","No"
"PRV52278","No"
"PRV52279","No"
"PRV52280","Yes"
"PRV52281","No"
"PRV52282","No"
"PRV52283","Yes"
"PRV52284","No"
"PRV52285","No"
"PRV52286","No"
"PRV52288","No"
"PRV52289","No"
"PRV52290","No"
"PRV52291","No"
"PRV52292","Yes"
"PRV52293","No"
"PRV52294","No"
"PRV52295","No"
"PRV52296","No"
"PRV52298","No"
"PRV52299","No"
"PRV52300","No"
"PRV52302","No"
"PRV52303","No"
"PRV52304","No"
"PRV52306","No"
"PRV52307","Yes"
"PRV52308","Yes"
"PRV52309","No"
"PRV52310","No"
"PRV52311","No"
"PRV52312","No"
"PRV52313","No"
"PRV52314","No"
"PRV52315","No"
"PRV52317","No"
"PRV52318","No"
"PRV52319","No"
"PRV52320","Yes"
"PRV52321","Yes"
"PRV52323","No"
"PRV52325","Yes"
"PRV52326","No"
"PRV52328","No"
"PRV52331","No"
"PRV52332","No"
"PRV52334","No"
"PRV52335","No"
"PRV52336","No"
"PRV52337","Yes"
"PRV52340","Yes"
"PRV52341","No"
"PRV52342","No"
"PRV52343","Yes"
"PRV52344","No"
"PRV52346","No"
"PRV52347","Yes"
"PRV52348","No"
"PRV52349","No"
"PRV52350","No"
"PRV52351","No"
"PRV52352","No"
"PRV52353","No"
"PRV52354","No"
"PRV52355","No"
"PRV52356","No"
"PRV52357","No"
"PRV52358","No"
"PRV52359","No"
"PRV52361","No"
"PRV52362","No"
"PRV52365","No"
"PRV52366","No"
"PRV52367","No"
"PRV52369","No"
"PRV52371","No"
"PRV52372","No"
"PRV52373","No"
"PRV52374","No"
"PRV52377","No"
"PRV52378","No"
"PRV52380","No"
"PRV52381","No"
"PRV52383","Yes"
"PRV52384","No"
"PRV52385","No"
"PRV52386","No"
"PRV52387","No"
"PRV52389","No"
"PRV52390","No"
"PRV52391","No"
"PRV52392","No"
"PRV52393","No"
"PRV52394","No"
"PRV52395","No"
"PRV52396","Yes"
"PRV52397","No"
"PRV52398","No"
"PRV52399","No"
"PRV52400","No"
"PRV52401","No"
"PRV52402","No"
"PRV52403","No"
"PRV52404","No"
"PRV52405","No"
"PRV52406","No"
"PRV52407","No"
"PRV52408","No"
"PRV52409","No"
"PRV52410","No"
"PRV52411","No"
"PRV52412","No"
"PRV52414","No"
"PRV52415","No"
"PRV52416","No"
"PRV52417","No"
"PRV52418","No"
"PRV52419","No"
"PRV52420","Yes"
"PRV52421","No"
"PRV52422","No"
"PRV52423","No"
"PRV52425","No"
"PRV52427","No"
"PRV52431","No"
"PRV52432","No"
"PRV52433","No"
"PRV52434","No"
"PRV52435","No"
"PRV52436","No"
"PRV52437","No"
"PRV52439","No"
"PRV52440","No"
"PRV52441","No"
"PRV52443","No"
"PRV52445","Yes"
"PRV52446","No"
"PRV52448","No"
"PRV52449","No"
"PRV52450","No"
"PRV52451","No"
"PRV52452","No"
"PRV52453","No"
"PRV52454","No"
"PRV52455","No"
"PRV52456","No"
"PRV52457","No"
"PRV52458","No"
"PRV52459","No"
"PRV52460","No"
"PRV52461","No"
"PRV52462","No"
"PRV52463","No"
"PRV52464","No"
"PRV52466","No"
"PRV52467","Yes"
"PRV52468","No"
"PRV52469","No"
"PRV52470","No"
"PRV52471","No"
"PRV52472","No"
"PRV52473","No"
"PRV52474","No"
"PRV52476","No"
"PRV52478","No"
"PRV52480","No"
"PRV52482","No"
"PRV52483","No"
"PRV52484","No"
"PRV52485","No"
"PRV52486","No"
"PRV52487","No"
"PRV52488","No"
"PRV52490","No"
"PRV52491","No"
"PRV52492","No"
"PRV52493","No"
"PRV52494","No"
"PRV52495","No"
"PRV52497","Yes"
"PRV52499","No"
"PRV52500","No"
"PRV52501","No"
"PRV52502","Yes"
"PRV52503","No"
"PRV52504","Yes"
"PRV52506","No"
"PRV52507","No"
"PRV52508","No"
"PRV52509","No"
"PRV52510","No"
"PRV52511","Yes"
"PRV52512","No"
"PRV52513","No"
"PRV52514","No"
"PRV52515","No"
"PRV52517","No"
"PRV52518","No"
"PRV52519","No"
"PRV52520","No"
"PRV52521","No"
"PRV52523","No"
"PRV52525","No"
"PRV52526","No"
"PRV52527","No"
"PRV52528","No"
"PRV52529","No"
"PRV52530","No"
"PRV52531","No"
"PRV52532","No"
"PRV52533","No"
"PRV52535","No"
"PRV52536","No"
"PRV52537","No"
"PRV52539","No"
"PRV52540","No"
"PRV52541","No"
"PRV52542","No"
"PRV52543","No"
"PRV52544","No"
"PRV52545","No"
"PRV52547","No"
"PRV52548","No"
"PRV52549","No"
"PRV52551","No"
"PRV52552","No"
"PRV52553","No"
"PRV52554","No"
"PRV52555","No"
"PRV52556","No"
"PRV52557","No"
"PRV52558","No"
"PRV52559","No"
"PRV52560","No"
"PRV52561","No"
"PRV52562","No"
"PRV52563","No"
"PRV52564","No"
"PRV52565","No"
"PRV52566","No"
"PRV52567","No"
"PRV52568","No"
"PRV52570","No"
"PRV52571","No"
"PRV52572","No"
"PRV52573","No"
"PRV52574","Yes"
"PRV52575","No"
"PRV52576","No"
"PRV52577","No"
"PRV52578","Yes"
"PRV52579","No"
"PRV52580","No"
"PRV52581","No"
"PRV52582","No"
"PRV52583","No"
"PRV52584","No"
"PRV52586","No"
"PRV52587","No"
"PRV52588","No"
"PRV52589","Yes"
"PRV52590","Yes"
"PRV52591","No"
"PRV52592","No"
"PRV52593","Yes"
"PRV52596","No"
"PRV52598","No"
"PRV52599","No"
"PRV52602","No"
"PRV52604","No"
"PRV52605","No"
"PRV52606","No"
"PRV52607","No"
"PRV52608","No"
"PRV52609","Yes"
"PRV52610","No"
"PRV52611","No"
"PRV52614","No"
"PRV52615","No"
"PRV52616","No"
"PRV52617","No"
"PRV52621","No"
"PRV52622","No"
"PRV52623","No"
"PRV52626","No"
"PRV52627","No"
"PRV52628","Yes"
"PRV52629","No"
"PRV52630","Yes"
"PRV52631","No"
"PRV52633","No"
"PRV52634","No"
"PRV52636","No"
"PRV52638","No"
"PRV52639","No"
"PRV52640","No"
"PRV52641","No"
"PRV52642","Yes"
"PRV52643","No"
"PRV52644","No"
"PRV52645","No"
"PRV52646","No"
"PRV52647","No"
"PRV52648","Yes"
"PRV52649","Yes"
"PRV52651","No"
"PRV52652","Yes"
"PRV52653","No"
"PRV52654","No"
"PRV52656","No"
"PRV52657","No"
"PRV52658","No"
"PRV52659","No"
"PRV52660","No"
"PRV52661","No"
"PRV52662","No"
"PRV52663","No"
"PRV52665","No"
"PRV52666","No"
"PRV52667","No"
"PRV52668","No"
"PRV52669","No"
"PRV52670","No"
"PRV52671","No"
"PRV52672","No"
"PRV52673","No"
"PRV52674","No"
"PRV52676","No"
"PRV52677","No"
"PRV52678","No"
"PRV52679","No"
"PRV52681","No"
"PRV52683","No"
"PRV52684","No"
"PRV52686","No"
"PRV52687","No"
"PRV52688","No"
"PRV52689","No"
"PRV52690","Yes"
"PRV52691","No"
"PRV52692","No"
"PRV52693","No"
"PRV52694","No"
"PRV52695","No"
"PRV52696","No"
"PRV52697","No"
"PRV52698","No"
"PRV52699","No"
"PRV52700","No"
"PRV52701","No"
"PRV52702","No"
"PRV52703","No"
"PRV52704","No"
"PRV52706","No"
"PRV52708","No"
"PRV52709","No"
"PRV52710","No"
"PRV52711","No"
"PRV52713","No"
"PRV52714","No"
"PRV52715","No"
"PRV52717","No"
"PRV52719","No"
"PRV52720","No"
"PRV52721","No"
"PRV52722","No"
"PRV52723","No"
"PRV52724","No"
"PRV52725","No"
"PRV52726","No"
"PRV52727","No"
"PRV52728","No"
"PRV52729","No"
"PRV52731","No"
"PRV52732","No"
"PRV52733","No"
"PRV52736","No"
"PRV52738","No"
"PRV52739","No"
"PRV52740","No"
"PRV52741","No"
"PRV52742","No"
"PRV52743","No"
"PRV52744","No"
"PRV52745","No"
"PRV52746","No"
"PRV52747","No"
"PRV52748","No"
"PRV52750","No"
"PRV52751","No"
"PRV52752","No"
"PRV52753","No"
"PRV52754","No"
"PRV52755","No"
"PRV52756","No"
"PRV52757","No"
"PRV52758","No"
"PRV52760","No"
"PRV52761","No"
"PRV52763","No"
"PRV52764","No"
"PRV52766","No"
"PRV52767","No"
"PRV52768","No"
"PRV52769","No"
"PRV52770","No"
"PRV52771","No"
"PRV52772","No"
"PRV52773","No"
"PRV52774","No"
"PRV52775","No"
"PRV52777","No"
"PRV52778","No"
"PRV52781","No"
"PRV52782","No"
"PRV52783","No"
"PRV52784","No"
"PRV52785","No"
"PRV52786","No"
"PRV52787","No"
"PRV52788","No"
"PRV52789","No"
"PRV52790","No"
"PRV52791","No"
"PRV52792","No"
"PRV52793","No"
"PRV52794","No"
"PRV52795","No"
"PRV52796","No"
"PRV52797","No"
"PRV52798","No"
"PRV52799","No"
"PRV52800","No"
"PRV52801","No"
"PRV52803","No"
"PRV52804","No"
"PRV52806","No"
"PRV52807","No"
"PRV52808","No"
"PRV52810","No"
"PRV52813","No"
"PRV52814","No"
"PRV52815","Yes"
"PRV52816","No"
"PRV52818","No"
"PRV52820","No"
"PRV52821","Yes"
"PRV52822","No"
"PRV52823","No"
"PRV52824","No"
"PRV52825","No"
"PRV52826","Yes"
"PRV52827","No"
"PRV52828","Yes"
"PRV52829","No"
"PRV52830","No"
"PRV52831","No"
"PRV52832","No"
"PRV52833","No"
"PRV52835","No"
"PRV52836","No"
"PRV52837","No"
"PRV52838","No"
"PRV52839","No"
"PRV52841","No"
"PRV52842","No"
"PRV52843","Yes"
"PRV52844","No"
"PRV52845","No"
"PRV52846","Yes"
"PRV52847","Yes"
"PRV52848","No"
"PRV52849","No"
"PRV52850","No"
"PRV52851","No"
"PRV52853","No"
"PRV52855","No"
"PRV52857","No"
"PRV52858","No"
"PRV52859","No"
"PRV52860","Yes"
"PRV52861","No"
"PRV52862","No"
"PRV52863","No"
"PRV52864","No"
"PRV52865","No"
"PRV52868","Yes"
"PRV52869","No"
"PRV52870","Yes"
"PRV52872","No"
"PRV52873","No"
"PRV52875","No"
"PRV52876","No"
"PRV52877","No"
"PRV52878","No"
"PRV52879","No"
"PRV52880","No"
"PRV52881","No"
"PRV52882","No"
"PRV52884","Yes"
"PRV52886","No"
"PRV52887","Yes"
"PRV52889","No"
"PRV52890","No"
"PRV52891","No"
"PRV52892","No"
"PRV52893","No"
"PRV52895","No"
"PRV52896","No"
"PRV52897","No"
"PRV52898","No"
"PRV52899","No"
"PRV52901","No"
"PRV52902","No"
"PRV52903","Yes"
"PRV52904","No"
"PRV52905","No"
"PRV52907","No"
"PRV52910","No"
"PRV52911","No"
"PRV52912","No"
"PRV52913","No"
"PRV52914","No"
"PRV52916","No"
"PRV52917","No"
"PRV52918","No"
"PRV52919","No"
"PRV52920","No"
"PRV52921","No"
"PRV52922","No"
"PRV52924","No"
"PRV52925","No"
"PRV52926","No"
"PRV52928","No"
"PRV52929","No"
"PRV52930","No"
"PRV52931","No"
"PRV52932","No"
"PRV52933","Yes"
"PRV52934","No"
"PRV52935","No"
"PRV52936","No"
"PRV52937","No"
"PRV52938","No"
"PRV52940","No"
"PRV52941","No"
"PRV52942","No"
"PRV52943","No"
"PRV52944","No"
"PRV52945","No"
"PRV52948","No"
"PRV52949","No"
"PRV52950","No"
"PRV52951","No"
"PRV52952","No"
"PRV52953","No"
"PRV52954","No"
"PRV52955","No"
"PRV52956","No"
"PRV52957","No"
"PRV52958","No"
"PRV52961","No"
"PRV52962","No"
"PRV52963","No"
"PRV52964","No"
"PRV52966","No"
"PRV52970","No"
"PRV52971","No"
"PRV52972","No"
"PRV52976","No"
"PRV52978","No"
"PRV52979","No"
"PRV52980","No"
"PRV52981","No"
"PRV52982","Yes"
"PRV52985","Yes"
"PRV52986","No"
"PRV52988","No"
"PRV52989","Yes"
"PRV52990","Yes"
"PRV52991","No"
"PRV52993","No"
"PRV52996","No"
"PRV52998","No"
"PRV52999","No"
"PRV53000","No"
"PRV53001","No"
"PRV53002","No"
"PRV53004","No"
"PRV53005","Yes"
"PRV53007","Yes"
"PRV53008","Yes"
"PRV53009","No"
"PRV53013","No"
"PRV53014","No"
"PRV53015","No"
"PRV53016","No"
"PRV53017","No"
"PRV53018","No"
"PRV53019","No"
"PRV53020","No"
"PRV53021","Yes"
"PRV53024","No"
"PRV53025","No"
"PRV53026","No"
"PRV53027","No"
"PRV53028","No"
"PRV53029","No"
"PRV53031","No"
"PRV53032","No"
"PRV53033","No"
"PRV53034","No"
"PRV53035","No"
"PRV53036","No"
"PRV53037","No"
"PRV53038","No"
"PRV53040","No"
"PRV53042","No"
"PRV53043","No"
"PRV53044","No"
"PRV53045","No"
"PRV53047","No"
"PRV53048","No"
"PRV53049","No"
"PRV53050","No"
"PRV53052","No"
"PRV53054","No"
"PRV53055","No"
"PRV53056","No"
"PRV53057","No"
"PRV53059","No"
"PRV53061","No"
"PRV53062","No"
"PRV53063","No"
"PRV53064","No"
"PRV53065","No"
"PRV53066","No"
"PRV53067","No"
"PRV53069","No"
"PRV53070","No"
"PRV53071","No"
"PRV53072","No"
"PRV53073","No"
"PRV53074","No"
"PRV53075","No"
"PRV53076","No"
"PRV53077","No"
"PRV53078","No"
"PRV53079","No"
"PRV53081","No"
"PRV53083","No"
"PRV53084","No"
"PRV53085","No"
"PRV53086","No"
"PRV53087","No"
"PRV53090","No"
"PRV53091","No"
"PRV53095","No"
"PRV53096","No"
"PRV53099","No"
"PRV53100","No"
"PRV53101","No"
"PRV53102","No"
"PRV53103","No"
"PRV53104","No"
"PRV53106","Yes"
"PRV53107","No"
"PRV53108","No"
"PRV53109","No"
"PRV53110","No"
"PRV53111","No"
"PRV53113","No"
"PRV53114","Yes"
"PRV53116","No"
"PRV53117","No"
"PRV53119","Yes"
"PRV53120","No"
"PRV53121","Yes"
"PRV53122","No"
"PRV53123","No"
"PRV53124","No"
"PRV53125","No"
"PRV53126","No"
"PRV53127","No"
"PRV53128","No"
"PRV53129","No"
"PRV53131","No"
"PRV53133","No"
"PRV53134","No"
"PRV53135","No"
"PRV53136","Yes"
"PRV53137","No"
"PRV53138","No"
"PRV53139","No"
"PRV53140","No"
"PRV53141","No"
"PRV53142","Yes"
"PRV53143","No"
"PRV53144","No"
"PRV53145","No"
"PRV53147","No"
"PRV53148","No"
"PRV53149","No"
"PRV53150","No"
"PRV53151","No"
"PRV53153","No"
"PRV53154","No"
"PRV53156","No"
"PRV53157","No"
"PRV53158","No"
"PRV53159","No"
"PRV53161","No"
"PRV53162","No"
"PRV53163","No"
"PRV53164","No"
"PRV53166","No"
"PRV53167","No"
"PRV53168","No"
"PRV53169","No"
"PRV53171","No"
"PRV53172","No"
"PRV53173","No"
"PRV53174","No"
"PRV53175","No"
"PRV53176","No"
"PRV53177","No"
"PRV53178","No"
"PRV53179","No"
"PRV53180","No"
"PRV53182","No"
"PRV53183","No"
"PRV53186","No"
"PRV53187","No"
"PRV53188","No"
"PRV53189","No"
"PRV53191","No"
"PRV53192","No"
"PRV53194","No"
"PRV53196","No"
"PRV53197","No"
"PRV53198","No"
"PRV53201","No"
"PRV53202","No"
"PRV53203","No"
"PRV53204","No"
"PRV53205","No"
"PRV53206","No"
"PRV53207","No"
"PRV53208","Yes"
"PRV53210","No"
"PRV53211","No"
"PRV53212","No"
"PRV53213","No"
"PRV53214","No"
"PRV53215","No"
"PRV53216","No"
"PRV53217","No"
"PRV53218","No"
"PRV53220","No"
"PRV53221","No"
"PRV53222","No"
"PRV53223","No"
"PRV53224","No"
"PRV53225","No"
"PRV53226","No"
"PRV53227","No"
"PRV53228","No"
"PRV53229","No"
"PRV53230","No"
"PRV53232","No"
"PRV53233","No"
"PRV53235","No"
"PRV53236","No"
"PRV53237","No"
"PRV53238","No"
"PRV53239","No"
"PRV53240","No"
"PRV53242","Yes"
"PRV53243","No"
"PRV53244","No"
"PRV53245","Yes"
"PRV53246","No"
"PRV53247","No"
"PRV53248","No"
"PRV53249","No"
"PRV53251","No"
"PRV53252","No"
"PRV53253","No"
"PRV53254","No"
"PRV53255","No"
"PRV53256","No"
"PRV53257","No"
"PRV53258","No"
"PRV53259","No"
"PRV53260","No"
"PRV53261","No"
"PRV53262","No"
"PRV53265","Yes"
"PRV53266","Yes"
"PRV53268","No"
"PRV53269","Yes"
"PRV53272","No"
"PRV53274","No"
"PRV53276","No"
"PRV53277","Yes"
"PRV53279","No"
"PRV53280","No"
"PRV53281","No"
"PRV53282","No"
"PRV53283","No"
"PRV53284","No"
"PRV53288","No"
"PRV53289","No"
"PRV53290","No"
"PRV53291","No"
"PRV53292","No"
"PRV53293","No"
"PRV53294","No"
"PRV53295","Yes"
"PRV53296","No"
"PRV53297","Yes"
"PRV53298","No"
"PRV53300","No"
"PRV53301","No"
"PRV53303","No"
"PRV53304","No"
"PRV53305","No"
"PRV53306","No"
"PRV53307","No"
"PRV53308","No"
"PRV53309","No"
"PRV53310","No"
"PRV53312","No"
"PRV53313","No"
"PRV53314","No"
"PRV53315","No"
"PRV53317","No"
"PRV53318","No"
"PRV53319","No"
"PRV53320","No"
"PRV53321","No"
"PRV53323","No"
"PRV53325","No"
"PRV53326","No"
"PRV53329","No"
"PRV53331","No"
"PRV53334","No"
"PRV53335","No"
"PRV53336","No"
"PRV53337","No"
"PRV53339","No"
"PRV53340","No"
"PRV53341","No"
"PRV53342","No"
"PRV53343","No"
"PRV53344","No"
"PRV53346","No"
"PRV53347","No"
"PRV53349","No"
"PRV53350","No"
"PRV53351","No"
"PRV53352","No"
"PRV53353","No"
"PRV53354","No"
"PRV53355","No"
"PRV53356","No"
"PRV53357","No"
"PRV53358","No"
"PRV53359","No"
"PRV53360","No"
"PRV53361","No"
"PRV53362","No"
"PRV53363","No"
"PRV53364","No"
"PRV53365","No"
"PRV53369","No"
"PRV53370","No"
"PRV53371","No"
"PRV53373","No"
"PRV53374","No"
"PRV53375","No"
"PRV53376","No"
"PRV53377","No"
"PRV53378","No"
"PRV53379","Yes"
"PRV53380","No"
"PRV53381","No"
"PRV53382","No"
"PRV53383","No"
"PRV53384","Yes"
"PRV53385","Yes"
"PRV53386","No"
"PRV53387","No"
"PRV53388","No"
"PRV53389","No"
"PRV53390","No"
"PRV53391","No"
"PRV53392","No"
"PRV53393","No"
"PRV53394","No"
"PRV53396","No"
"PRV53397","Yes"
"PRV53398","No"
"PRV53399","Yes"
"PRV53401","Yes"
"PRV53402","No"
"PRV53403","No"
"PRV53405","No"
"PRV53407","No"
"PRV53408","No"
"PRV53409","No"
"PRV53411","No"
"PRV53412","No"
"PRV53413","No"
"PRV53415","No"
"PRV53416","No"
"PRV53417","Yes"
"PRV53419","No"
"PRV53421","Yes"
"PRV53423","No"
"PRV53424","No"
"PRV53426","No"
"PRV53427","No"
"PRV53428","No"
"PRV53429","No"
"PRV53431","No"
"PRV53432","No"
"PRV53433","No"
"PRV53435","No"
"PRV53436","No"
"PRV53437","No"
"PRV53438","No"
"PRV53439","No"
"PRV53440","No"
"PRV53441","No"
"PRV53442","No"
"PRV53443","No"
"PRV53444","No"
"PRV53445","No"
"PRV53446","No"
"PRV53447","No"
"PRV53448","No"
"PRV53449","No"
"PRV53450","No"
"PRV53451","No"
"PRV53452","No"
"PRV53453","No"
"PRV53454","No"
"PRV53455","No"
"PRV53456","No"
"PRV53457","No"
"PRV53460","No"
"PRV53461","Yes"
"PRV53462","No"
"PRV53463","No"
"PRV53465","No"
"PRV53467","No"
"PRV53469","No"
"PRV53470","No"
"PRV53471","No"
"PRV53472","No"
"PRV53473","No"
"PRV53474","No"
"PRV53475","No"
"PRV53476","No"
"PRV53477","No"
"PRV53478","No"
"PRV53479","No"
"PRV53480","No"
"PRV53482","No"
"PRV53483","No"
"PRV53484","No"
"PRV53485","No"
"PRV53486","No"
"PRV53487","No"
"PRV53489","No"
"PRV53490","No"
"PRV53491","No"
"PRV53492","No"
"PRV53494","No"
"PRV53495","No"
"PRV53496","No"
"PRV53498","No"
"PRV53499","No"
"PRV53501","No"
"PRV53502","No"
"PRV53503","No"
"PRV53504","No"
"PRV53506","No"
"PRV53507","No"
"PRV53509","No"
"PRV53510","No"
"PRV53511","No"
"PRV53513","No"
"PRV53515","No"
"PRV53516","No"
"PRV53517","No"
"PRV53519","No"
"PRV53520","No"
"PRV53521","No"
"PRV53522","No"
"PRV53523","No"
"PRV53524","No"
"PRV53525","No"
"PRV53526","No"
"PRV53527","No"
"PRV53530","No"
"PRV53531","No"
"PRV53532","No"
"PRV53533","No"
"PRV53534","No"
"PRV53535","No"
"PRV53536","No"
"PRV53539","No"
"PRV53540","No"
"PRV53544","No"
"PRV53545","No"
"PRV53547","No"
"PRV53548","No"
"PRV53549","No"
"PRV53550","No"
"PRV53551","No"
"PRV53553","No"
"PRV53554","No"
"PRV53555","No"
"PRV53556","No"
"PRV53558","No"
"PRV53559","No"
"PRV53560","No"
"PRV53561","No"
"PRV53562","No"
"PRV53563","No"
"PRV53564","No"
"PRV53565","No"
"PRV53566","No"
"PRV53568","No"
"PRV53569","No"
"PRV53570","No"
"PRV53571","No"
"PRV53572","No"
"PRV53573","No"
"PRV53574","No"
"PRV53577","No"
"PRV53578","No"
"PRV53581","No"
"PRV53582","No"
"PRV53584","No"
"PRV53585","No"
"PRV53586","No"
"PRV53587","No"
"PRV53588","No"
"PRV53589","No"
"PRV53590","No"
"PRV53591","No"
"PRV53593","No"
"PRV53594","No"
"PRV53595","No"
"PRV53596","No"
"PRV53597","No"
"PRV53598","No"
"PRV53599","No"
"PRV53600","No"
"PRV53601","No"
"PRV53602","No"
"PRV53604","No"
"PRV53605","No"
"PRV53606","No"
"PRV53607","No"
"PRV53608","No"
"PRV53609","No"
"PRV53611","No"
"PRV53612","No"
"PRV53613","No"
"PRV53614","No"
"PRV53616","No"
"PRV53617","No"
"PRV53618","No"
"PRV53619","No"
"PRV53620","No"
"PRV53621","No"
"PRV53622","No"
"PRV53623","Yes"
"PRV53624","No"
"PRV53625","No"
"PRV53626","No"
"PRV53627","No"
"PRV53628","No"
"PRV53629","No"
"PRV53631","No"
"PRV53632","No"
"PRV53633","No"
"PRV53634","No"
"PRV53635","No"
"PRV53638","No"
"PRV53640","No"
"PRV53641","No"
"PRV53642","No"
"PRV53643","No"
"PRV53644","No"
"PRV53645","No"
"PRV53646","No"
"PRV53647","No"
"PRV53648","No"
"PRV53649","No"
"PRV53651","No"
"PRV53652","No"
"PRV53654","No"
"PRV53655","No"
"PRV53656","No"
"PRV53657","No"
"PRV53658","No"
"PRV53659","No"
"PRV53660","No"
"PRV53661","No"
"PRV53662","No"
"PRV53663","No"
"PRV53664","No"
"PRV53665","No"
"PRV53666","No"
"PRV53667","No"
"PRV53668","Yes"
"PRV53669","No"
"PRV53670","Yes"
"PRV53671","Yes"
"PRV53672","No"
"PRV53673","No"
"PRV53674","No"
"PRV53675","No"
"PRV53676","No"
"PRV53677","Yes"
"PRV53678","No"
"PRV53679","No"
"PRV53680","No"
"PRV53681","No"
"PRV53682","No"
"PRV53683","No"
"PRV53684","No"
"PRV53685","No"
"PRV53686","No"
"PRV53688","No"
"PRV53689","No"
"PRV53690","No"
"PRV53692","Yes"
"PRV53694","No"
"PRV53695","No"
"PRV53696","No"
"PRV53697","No"
"PRV53698","No"
"PRV53699","No"
"PRV53700","No"
"PRV53701","No"
"PRV53702","No"
"PRV53703","No"
"PRV53704","No"
"PRV53705","No"
"PRV53706","Yes"
"PRV53708","No"
"PRV53709","No"
"PRV53710","No"
"PRV53712","Yes"
"PRV53713","No"
"PRV53714","No"
"PRV53715","No"
"PRV53716","No"
"PRV53717","No"
"PRV53718","No"
"PRV53719","No"
"PRV53720","No"
"PRV53721","No"
"PRV53722","No"
"PRV53723","No"
"PRV53724","No"
"PRV53725","No"
"PRV53726","No"
"PRV53727","No"
"PRV53728","No"
"PRV53729","No"
"PRV53730","No"
"PRV53731","No"
"PRV53732","No"
"PRV53733","No"
"PRV53734","No"
"PRV53735","No"
"PRV53740","No"
"PRV53741","No"
"PRV53743","No"
"PRV53745","No"
"PRV53746","No"
"PRV53749","Yes"
"PRV53750","No"
"PRV53751","No"
"PRV53752","No"
"PRV53754","No"
"PRV53755","No"
"PRV53756","No"
"PRV53757","No"
"PRV53759","No"
"PRV53761","No"
"PRV53762","Yes"
"PRV53763","Yes"
"PRV53764","No"
"PRV53765","No"
"PRV53766","No"
"PRV53767","No"
"PRV53768","No"
"PRV53769","Yes"
"PRV53770","No"
"PRV53771","No"
"PRV53772","No"
"PRV53773","No"
"PRV53774","No"
"PRV53775","No"
"PRV53776","Yes"
"PRV53779","No"
"PRV53780","No"
"PRV53781","Yes"
"PRV53782","No"
"PRV53783","No"
"PRV53784","No"
"PRV53785","No"
"PRV53786","Yes"
"PRV53787","Yes"
"PRV53788","No"
"PRV53790","Yes"
"PRV53791","No"
"PRV53792","Yes"
"PRV53793","No"
"PRV53794","No"
"PRV53796","No"
"PRV53797","Yes"
"PRV53798","No"
"PRV53799","No"
"PRV53801","No"
"PRV53802","No"
"PRV53805","No"
"PRV53806","No"
"PRV53807","No"
"PRV53808","Yes"
"PRV53812","No"
"PRV53814","No"
"PRV53815","No"
"PRV53816","No"
"PRV53817","No"
"PRV53818","No"
"PRV53819","No"
"PRV53820","No"
"PRV53821","No"
"PRV53824","No"
"PRV53827","No"
"PRV53828","No"
"PRV53829","No"
"PRV53831","No"
"PRV53832","No"
"PRV53835","No"
"PRV53836","No"
"PRV53837","No"
"PRV53838","No"
"PRV53839","No"
"PRV53840","No"
"PRV53841","No"
"PRV53842","No"
"PRV53843","No"
"PRV53844","No"
"PRV53845","No"
"PRV53846","No"
"PRV53848","No"
"PRV53849","No"
"PRV53850","No"
"PRV53851","No"
"PRV53855","Yes"
"PRV53857","No"
"PRV53859","No"
"PRV53860","No"
"PRV53861","No"
"PRV53862","No"
"PRV53864","No"
"PRV53865","No"
"PRV53867","No"
"PRV53868","No"
"PRV53871","No"
"PRV53872","No"
"PRV53873","No"
"PRV53874","No"
"PRV53875","No"
"PRV53876","No"
"PRV53877","No"
"PRV53878","No"
"PRV53879","No"
"PRV53880","No"
"PRV53884","Yes"
"PRV53885","No"
"PRV53887","Yes"
"PRV53888","No"
"PRV53889","No"
"PRV53891","No"
"PRV53892","No"
"PRV53894","Yes"
"PRV53895","Yes"
"PRV53896","No"
"PRV53899","No"
"PRV53900","Yes"
"PRV53901","No"
"PRV53905","No"
"PRV53906","No"
"PRV53907","No"
"PRV53908","No"
"PRV53909","No"
"PRV53910","No"
"PRV53911","Yes"
"PRV53912","No"
"PRV53913","No"
"PRV53915","No"
"PRV53916","No"
"PRV53917","No"
"PRV53918","Yes"
"PRV53919","Yes"
"PRV53920","No"
"PRV53921","No"
"PRV53922","No"
"PRV53923","Yes"
"PRV53924","No"
"PRV53925","No"
"PRV53926","No"
"PRV53927","No"
"PRV53928","No"
"PRV53931","No"
"PRV53932","No"
"PRV53933","No"
"PRV53934","No"
"PRV53935","No"
"PRV53937","Yes"
"PRV53938","Yes"
"PRV53939","No"
"PRV53940","No"
"PRV53941","No"
"PRV53942","No"
"PRV53943","No"
"PRV53944","No"
"PRV53945","No"
"PRV53946","No"
"PRV53947","No"
"PRV53949","No"
"PRV53950","No"
"PRV53951","Yes"
"PRV53952","No"
"PRV53956","No"
"PRV53957","No"
"PRV53958","No"
"PRV53959","Yes"
"PRV53960","No"
"PRV53961","Yes"
"PRV53963","No"
"PRV53964","No"
"PRV53965","No"
"PRV53966","No"
"PRV53967","No"
"PRV53968","No"
"PRV53969","No"
"PRV53970","No"
"PRV53971","No"
"PRV53972","No"
"PRV53973","No"
"PRV53974","No"
"PRV53975","No"
"PRV53977","No"
"PRV53978","No"
"PRV53979","No"
"PRV53980","No"
"PRV53981","No"
"PRV53982","No"
"PRV53983","No"
"PRV53985","Yes"
"PRV53986","No"
"PRV53988","No"
"PRV53989","No"
"PRV53990","No"
"PRV53991","No"
"PRV53992","No"
"PRV53993","No"
"PRV53994","No"
"PRV53995","No"
"PRV53996","No"
"PRV53997","No"
"PRV53999","No"
"PRV54000","No"
"PRV54001","No"
"PRV54002","No"
"PRV54004","No"
"PRV54005","No"
"PRV54006","No"
"PRV54007","No"
"PRV54008","No"
"PRV54009","No"
"PRV54011","No"
"PRV54012","No"
"PRV54013","No"
"PRV54014","No"
"PRV54016","No"
"PRV54017","No"
"PRV54019","No"
"PRV54020","No"
"PRV54021","No"
"PRV54023","No"
"PRV54024","No"
"PRV54025","No"
"PRV54026","No"
"PRV54027","No"
"PRV54028","No"
"PRV54029","No"
"PRV54030","No"
"PRV54031","No"
"PRV54033","No"
"PRV54034","No"
"PRV54036","No"
"PRV54037","No"
"PRV54038","No"
"PRV54039","No"
"PRV54040","No"
"PRV54041","No"
"PRV54043","No"
"PRV54044","No"
"PRV54045","No"
"PRV54046","No"
"PRV54048","No"
"PRV54049","No"
"PRV54050","No"
"PRV54051","No"
"PRV54052","No"
"PRV54053","No"
"PRV54054","No"
"PRV54055","No"
"PRV54056","Yes"
"PRV54057","No"
"PRV54058","No"
"PRV54059","No"
"PRV54060","No"
"PRV54061","No"
"PRV54062","No"
"PRV54063","No"
"PRV54064","No"
"PRV54065","Yes"
"PRV54066","No"
"PRV54068","No"
"PRV54070","Yes"
"PRV54071","No"
"PRV54072","No"
"PRV54073","No"
"PRV54074","Yes"
"PRV54075","Yes"
"PRV54076","No"
"PRV54077","Yes"
"PRV54078","No"
"PRV54080","No"
"PRV54081","No"
"PRV54082","No"
"PRV54083","No"
"PRV54084","No"
"PRV54085","No"
"PRV54086","No"
"PRV54089","No"
"PRV54090","No"
"PRV54091","No"
"PRV54092","No"
"PRV54093","Yes"
"PRV54096","No"
"PRV54098","Yes"
"PRV54099","No"
"PRV54101","No"
"PRV54102","No"
"PRV54103","Yes"
"PRV54106","No"
"PRV54107","No"
"PRV54109","No"
"PRV54110","No"
"PRV54111","Yes"
"PRV54112","No"
"PRV54113","No"
"PRV54114","No"
"PRV54115","No"
"PRV54116","No"
"PRV54117","No"
"PRV54118","No"
"PRV54119","No"
"PRV54120","No"
"PRV54121","No"
"PRV54122","No"
"PRV54123","No"
"PRV54124","No"
"PRV54125","No"
"PRV54127","No"
"PRV54128","No"
"PRV54129","No"
"PRV54130","No"
"PRV54131","No"
"PRV54132","No"
"PRV54133","No"
"PRV54134","No"
"PRV54135","No"
"PRV54136","No"
"PRV54139","No"
"PRV54140","No"
"PRV54141","No"
"PRV54142","No"
"PRV54144","Yes"
"PRV54145","No"
"PRV54146","No"
"PRV54148","No"
"PRV54149","Yes"
"PRV54150","No"
"PRV54153","No"
"PRV54154","No"
"PRV54155","No"
"PRV54156","No"
"PRV54157","No"
"PRV54158","No"
"PRV54159","No"
"PRV54160","No"
"PRV54162","No"
"PRV54163","No"
"PRV54164","No"
"PRV54166","No"
"PRV54167","No"
"PRV54168","No"
"PRV54171","No"
"PRV54172","No"
"PRV54173","No"
"PRV54175","No"
"PRV54176","No"
"PRV54177","No"
"PRV54178","No"
"PRV54179","No"
"PRV54180","No"
"PRV54181","No"
"PRV54182","No"
"PRV54183","No"
"PRV54184","No"
"PRV54185","No"
"PRV54186","No"
"PRV54187","No"
"PRV54188","No"
"PRV54191","No"
"PRV54192","No"
"PRV54193","No"
"PRV54194","No"
"PRV54196","No"
"PRV54197","No"
"PRV54198","No"
"PRV54199","No"
"PRV54200","No"
"PRV54201","No"
"PRV54202","No"
"PRV54203","No"
"PRV54204","No"
"PRV54205","No"
"PRV54206","No"
"PRV54207","No"
"PRV54208","No"
"PRV54209","Yes"
"PRV54210","No"
"PRV54212","No"
"PRV54213","No"
"PRV54215","No"
"PRV54216","No"
"PRV54217","No"
"PRV54219","No"
"PRV54220","No"
"PRV54222","No"
"PRV54223","No"
"PRV54224","No"
"PRV54225","Yes"
"PRV54226","No"
"PRV54227","No"
"PRV54228","No"
"PRV54230","Yes"
"PRV54231","No"
"PRV54232","No"
"PRV54233","No"
"PRV54235","No"
"PRV54237","No"
"PRV54238","No"
"PRV54239","No"
"PRV54240","No"
"PRV54242","No"
"PRV54244","No"
"PRV54245","No"
"PRV54246","No"
"PRV54247","No"
"PRV54250","No"
"PRV54251","No"
"PRV54252","No"
"PRV54253","No"
"PRV54254","No"
"PRV54255","No"
"PRV54256","No"
"PRV54257","No"
"PRV54258","Yes"
"PRV54259","No"
"PRV54261","No"
"PRV54262","No"
"PRV54263","No"
"PRV54265","No"
"PRV54266","No"
"PRV54267","No"
"PRV54269","No"
"PRV54270","No"
"PRV54271","No"
"PRV54273","No"
"PRV54274","No"
"PRV54275","No"
"PRV54276","No"
"PRV54278","No"
"PRV54280","No"
"PRV54282","No"
"PRV54283","No"
"PRV54284","No"
"PRV54285","No"
"PRV54287","No"
"PRV54288","No"
"PRV54289","No"
"PRV54290","No"
"PRV54291","No"
"PRV54293","No"
"PRV54294","No"
"PRV54295","No"
"PRV54296","No"
"PRV54297","Yes"
"PRV54298","No"
"PRV54299","No"
"PRV54300","No"
"PRV54301","No"
"PRV54302","No"
"PRV54303","No"
"PRV54304","No"
"PRV54305","No"
"PRV54306","No"
"PRV54307","No"
"PRV54308","No"
"PRV54309","No"
"PRV54310","No"
"PRV54311","No"
"PRV54312","No"
"PRV54313","No"
"PRV54315","No"
"PRV54316","No"
"PRV54317","No"
"PRV54319","No"
"PRV54320","No"
"PRV54323","Yes"
"PRV54324","No"
"PRV54325","No"
"PRV54326","No"
"PRV54327","Yes"
"PRV54328","No"
"PRV54330","No"
"PRV54332","No"
"PRV54333","Yes"
"PRV54334","No"
"PRV54335","No"
"PRV54336","Yes"
"PRV54337","No"
"PRV54339","No"
"PRV54340","No"
"PRV54341","No"
"PRV54342","No"
"PRV54343","No"
"PRV54344","No"
"PRV54345","No"
"PRV54347","No"
"PRV54348","No"
"PRV54349","No"
"PRV54350","Yes"
"PRV54352","No"
"PRV54353","No"
"PRV54354","Yes"
"PRV54355","No"
"PRV54356","No"
"PRV54357","No"
"PRV54358","No"
"PRV54359","Yes"
"PRV54360","No"
"PRV54361","Yes"
"PRV54362","No"
"PRV54363","No"
"PRV54365","No"
"PRV54367","Yes"
"PRV54368","No"
"PRV54370","No"
"PRV54371","No"
"PRV54372","Yes"
"PRV54373","No"
"PRV54374","No"
"PRV54375","No"
"PRV54377","No"
"PRV54378","No"
"PRV54379","No"
"PRV54380","No"
"PRV54381","No"
"PRV54382","Yes"
"PRV54383","No"
"PRV54384","No"
"PRV54387","No"
"PRV54388","Yes"
"PRV54389","No"
"PRV54390","No"
"PRV54391","Yes"
"PRV54392","No"
"PRV54393","No"
"PRV54396","No"
"PRV54399","Yes"
"PRV54400","No"
"PRV54401","No"
"PRV54402","No"
"PRV54403","No"
"PRV54404","No"
"PRV54407","No"
"PRV54408","No"
"PRV54409","No"
"PRV54410","No"
"PRV54411","No"
"PRV54412","No"
"PRV54413","No"
"PRV54414","No"
"PRV54415","No"
"PRV54416","No"
"PRV54419","No"
"PRV54420","No"
"PRV54421","No"
"PRV54422","No"
"PRV54423","No"
"PRV54424","No"
"PRV54425","No"
"PRV54426","No"
"PRV54427","No"
"PRV54429","No"
"PRV54430","No"
"PRV54431","No"
"PRV54432","No"
"PRV54433","No"
"PRV54434","No"
"PRV54435","No"
"PRV54436","No"
"PRV54437","No"
"PRV54438","No"
"PRV54439","No"
"PRV54441","No"
"PRV54442","No"
"PRV54443","No"
"PRV54444","No"
"PRV54448","No"
"PRV54449","No"
"PRV54450","No"
"PRV54451","No"
"PRV54452","No"
"PRV54454","No"
"PRV54455","No"
"PRV54456","No"
"PRV54457","No"
"PRV54459","No"
"PRV54460","No"
"PRV54461","No"
"PRV54462","No"
"PRV54463","No"
"PRV54465","No"
"PRV54466","No"
"PRV54467","No"
"PRV54468","No"
"PRV54469","No"
"PRV54471","No"
"PRV54472","No"
"PRV54473","No"
"PRV54475","No"
"PRV54477","No"
"PRV54478","No"
"PRV54479","No"
"PRV54480","No"
"PRV54481","No"
"PRV54482","No"
"PRV54483","No"
"PRV54486","No"
"PRV54489","No"
"PRV54490","No"
"PRV54491","No"
"PRV54496","No"
"PRV54497","No"
"PRV54498","No"
"PRV54499","No"
"PRV54500","No"
"PRV54501","No"
"PRV54502","No"
"PRV54503","No"
"PRV54504","Yes"
"PRV54505","Yes"
"PRV54506","No"
"PRV54507","No"
"PRV54508","No"
"PRV54509","No"
"PRV54510","No"
"PRV54511","No"
"PRV54514","Yes"
"PRV54515","No"
"PRV54517","No"
"PRV54519","No"
"PRV54520","No"
"PRV54521","No"
"PRV54522","No"
"PRV54523","No"
"PRV54524","No"
"PRV54526","No"
"PRV54528","No"
"PRV54529","No"
"PRV54530","No"
"PRV54531","No"
"PRV54535","No"
"PRV54536","No"
"PRV54537","No"
"PRV54538","No"
"PRV54539","No"
"PRV54540","Yes"
"PRV54541","No"
"PRV54542","No"
"PRV54543","Yes"
"PRV54544","No"
"PRV54545","No"
"PRV54546","No"
"PRV54547","No"
"PRV54548","No"
"PRV54549","No"
"PRV54550","No"
"PRV54551","No"
"PRV54552","No"
"PRV54553","No"
"PRV54554","No"
"PRV54555","No"
"PRV54557","Yes"
"PRV54558","No"
"PRV54559","No"
"PRV54560","Yes"
"PRV54561","No"
"PRV54562","No"
"PRV54563","No"
"PRV54564","No"
"PRV54565","No"
"PRV54566","Yes"
"PRV54567","No"
"PRV54568","No"
"PRV54569","No"
"PRV54571","No"
"PRV54572","No"
"PRV54573","No"
"PRV54574","No"
"PRV54575","No"
"PRV54576","No"
"PRV54577","No"
"PRV54578","No"
"PRV54579","No"
"PRV54580","No"
"PRV54581","No"
"PRV54582","No"
"PRV54585","No"
"PRV54587","No"
"PRV54588","No"
"PRV54589","No"
"PRV54590","No"
"PRV54591","No"
"PRV54593","No"
"PRV54595","No"
"PRV54596","No"
"PRV54597","No"
"PRV54598","No"
"PRV54599","No"
"PRV54601","No"
"PRV54602","No"
"PRV54603","No"
"PRV54604","No"
"PRV54606","No"
"PRV54608","No"
"PRV54609","No"
"PRV54610","No"
"PRV54611","No"
"PRV54612","No"
"PRV54614","No"
"PRV54615","No"
"PRV54616","No"
"PRV54618","No"
"PRV54619","No"
"PRV54620","No"
"PRV54621","No"
"PRV54622","No"
"PRV54623","No"
"PRV54624","No"
"PRV54625","No"
"PRV54627","No"
"PRV54628","No"
"PRV54629","No"
"PRV54630","No"
"PRV54633","No"
"PRV54634","No"
"PRV54635","No"
"PRV54636","No"
"PRV54637","No"
"PRV54638","No"
"PRV54639","No"
"PRV54640","No"
"PRV54642","No"
"PRV54643","No"
"PRV54644","Yes"
"PRV54645","No"
"PRV54646","No"
"PRV54649","Yes"
"PRV54651","Yes"
"PRV54652","No"
"PRV54653","No"
"PRV54656","No"
"PRV54657","No"
"PRV54658","No"
"PRV54660","No"
"PRV54661","No"
"PRV54662","No"
"PRV54664","No"
"PRV54666","No"
"PRV54667","No"
"PRV54668","No"
"PRV54670","No"
"PRV54671","No"
"PRV54672","No"
"PRV54673","No"
"PRV54674","No"
"PRV54675","Yes"
"PRV54676","Yes"
"PRV54677","No"
"PRV54678","No"
"PRV54679","No"
"PRV54680","Yes"
"PRV54681","No"
"PRV54682","No"
"PRV54683","No"
"PRV54684","No"
"PRV54685","No"
"PRV54686","No"
"PRV54687","No"
"PRV54688","Yes"
"PRV54689","No"
"PRV54690","No"
"PRV54691","No"
"PRV54692","Yes"
"PRV54693","No"
"PRV54694","No"
"PRV54695","No"
"PRV54696","No"
"PRV54697","No"
"PRV54699","No"
"PRV54701","No"
"PRV54703","No"
"PRV54704","No"
"PRV54705","No"
"PRV54707","No"
"PRV54708","No"
"PRV54710","No"
"PRV54711","No"
"PRV54712","No"
"PRV54713","No"
"PRV54714","No"
"PRV54715","No"
"PRV54716","No"
"PRV54717","No"
"PRV54718","Yes"
"PRV54720","No"
"PRV54723","No"
"PRV54724","No"
"PRV54725","No"
"PRV54726","No"
"PRV54727","No"
"PRV54728","No"
"PRV54730","No"
"PRV54734","No"
"PRV54735","No"
"PRV54737","No"
"PRV54739","Yes"
"PRV54741","No"
"PRV54742","Yes"
"PRV54743","Yes"
"PRV54745","No"
"PRV54747","No"
"PRV54748","No"
"PRV54753","No"
"PRV54756","No"
"PRV54757","No"
"PRV54758","No"
"PRV54759","No"
"PRV54760","No"
"PRV54761","No"
"PRV54763","No"
"PRV54764","No"
"PRV54765","Yes"
"PRV54767","No"
"PRV54768","No"
"PRV54771","Yes"
"PRV54772","Yes"
"PRV54773","No"
"PRV54774","No"
"PRV54776","No"
"PRV54778","Yes"
"PRV54779","No"
"PRV54780","No"
"PRV54781","Yes"
"PRV54783","No"
"PRV54784","No"
"PRV54785","No"
"PRV54786","Yes"
"PRV54787","No"
"PRV54789","No"
"PRV54790","No"
"PRV54792","No"
"PRV54793","No"
"PRV54794","No"
"PRV54795","No"
"PRV54796","No"
"PRV54798","No"
"PRV54799","No"
"PRV54800","No"
"PRV54802","No"
"PRV54803","No"
"PRV54805","No"
"PRV54806","No"
"PRV54808","Yes"
"PRV54809","No"
"PRV54810","No"
"PRV54812","No"
"PRV54813","No"
"PRV54814","No"
"PRV54817","No"
"PRV54818","No"
"PRV54819","No"
"PRV54820","No"
"PRV54821","No"
"PRV54822","Yes"
"PRV54824","No"
"PRV54827","No"
"PRV54828","Yes"
"PRV54829","No"
"PRV54830","No"
"PRV54831","No"
"PRV54832","Yes"
"PRV54833","No"
"PRV54834","No"
"PRV54836","No"
"PRV54837","Yes"
"PRV54838","No"
"PRV54840","No"
"PRV54841","No"
"PRV54842","No"
"PRV54845","Yes"
"PRV54846","No"
"PRV54847","No"
"PRV54848","No"
"PRV54849","No"
"PRV54852","No"
"PRV54854","No"
"PRV54855","No"
"PRV54856","No"
"PRV54859","No"
"PRV54860","No"
"PRV54861","No"
"PRV54862","No"
"PRV54863","No"
"PRV54864","No"
"PRV54865","No"
"PRV54866","No"
"PRV54867","No"
"PRV54868","No"
"PRV54869","No"
"PRV54870","No"
"PRV54871","No"
"PRV54873","No"
"PRV54875","Yes"
"PRV54876","Yes"
"PRV54877","No"
"PRV54878","No"
"PRV54879","Yes"
"PRV54881","No"
"PRV54882","Yes"
"PRV54883","No"
"PRV54885","No"
"PRV54886","No"
"PRV54887","No"
"PRV54888","No"
"PRV54889","No"
"PRV54890","No"
"PRV54891","No"
"PRV54892","No"
"PRV54893","No"
"PRV54894","Yes"
"PRV54895","Yes"
"PRV54896","Yes"
"PRV54898","No"
"PRV54900","No"
"PRV54901","No"
"PRV54902","No"
"PRV54903","No"
"PRV54904","No"
"PRV54905","No"
"PRV54906","No"
"PRV54907","No"
"PRV54908","No"
"PRV54909","No"
"PRV54910","No"
"PRV54911","No"
"PRV54914","No"
"PRV54916","No"
"PRV54917","No"
"PRV54918","Yes"
"PRV54919","No"
"PRV54923","No"
"PRV54924","No"
"PRV54925","Yes"
"PRV54926","No"
"PRV54927","No"
"PRV54929","Yes"
"PRV54930","No"
"PRV54931","Yes"
"PRV54932","No"
"PRV54933","Yes"
"PRV54934","No"
"PRV54935","No"
"PRV54936","Yes"
"PRV54937","No"
"PRV54938","No"
"PRV54939","Yes"
"PRV54941","No"
"PRV54942","Yes"
"PRV54943","No"
"PRV54944","No"
"PRV54945","No"
"PRV54946","No"
"PRV54947","No"
"PRV54949","No"
"PRV54950","Yes"
"PRV54952","Yes"
"PRV54953","No"
"PRV54954","No"
"PRV54955","Yes"
"PRV54959","No"
"PRV54960","No"
"PRV54963","No"
"PRV54965","No"
"PRV54966","Yes"
"PRV54967","No"
"PRV54968","No"
"PRV54970","No"
"PRV54971","No"
"PRV54972","No"
"PRV54973","No"
"PRV54975","No"
"PRV54976","No"
"PRV54977","No"
"PRV54978","No"
"PRV54981","No"
"PRV54982","No"
"PRV54983","No"
"PRV54985","No"
"PRV54986","Yes"
"PRV54988","No"
"PRV54990","No"
"PRV54991","No"
"PRV54992","No"
"PRV54993","No"
"PRV54995","No"
"PRV54997","No"
"PRV54998","Yes"
"PRV54999","No"
"PRV55000","No"
"PRV55001","No"
"PRV55002","No"
"PRV55003","No"
"PRV55004","Yes"
"PRV55005","No"
"PRV55006","No"
"PRV55007","No"
"PRV55010","Yes"
"PRV55011","No"
"PRV55012","No"
"PRV55013","No"
"PRV55016","No"
"PRV55018","Yes"
"PRV55019","Yes"
"PRV55022","Yes"
"PRV55023","No"
"PRV55024","No"
"PRV55026","No"
"PRV55027","Yes"
"PRV55028","No"
"PRV55029","No"
"PRV55030","Yes"
"PRV55031","No"
"PRV55032","No"
"PRV55034","Yes"
"PRV55035","No"
"PRV55036","No"
"PRV55037","No"
"PRV55038","No"
"PRV55039","Yes"
"PRV55040","No"
"PRV55041","No"
"PRV55042","No"
"PRV55043","No"
"PRV55044","No"
"PRV55045","No"
"PRV55048","Yes"
"PRV55049","Yes"
"PRV55050","No"
"PRV55051","No"
"PRV55052","No"
"PRV55053","No"
"PRV55054","No"
"PRV55056","No"
"PRV55057","Yes"
"PRV55058","No"
"PRV55059","No"
"PRV55061","No"
"PRV55062","No"
"PRV55063","No"
"PRV55064","No"
"PRV55067","No"
"PRV55068","No"
"PRV55069","No"
"PRV55070","No"
"PRV55071","No"
"PRV55072","No"
"PRV55073","No"
"PRV55074","No"
"PRV55076","No"
"PRV55077","No"
"PRV55078","No"
"PRV55079","No"
"PRV55080","No"
"PRV55081","No"
"PRV55083","No"
"PRV55085","No"
"PRV55086","No"
"PRV55087","No"
"PRV55088","No"
"PRV55089","No"
"PRV55091","No"
"PRV55092","No"
"PRV55093","No"
"PRV55094","No"
"PRV55095","No"
"PRV55096","No"
"PRV55097","No"
"PRV55098","No"
"PRV55099","No"
"PRV55103","No"
"PRV55104","No"
"PRV55106","No"
"PRV55108","No"
"PRV55110","No"
"PRV55111","No"
"PRV55112","No"
"PRV55114","No"
"PRV55116","No"
"PRV55117","No"
"PRV55118","No"
"PRV55120","No"
"PRV55121","No"
"PRV55122","No"
"PRV55123","No"
"PRV55124","No"
"PRV55126","No"
"PRV55128","No"
"PRV55129","No"
"PRV55130","No"
"PRV55131","No"
"PRV55132","No"
"PRV55133","No"
"PRV55134","No"
"PRV55135","No"
"PRV55136","No"
"PRV55137","No"
"PRV55138","No"
"PRV55140","No"
"PRV55141","No"
"PRV55143","No"
"PRV55144","No"
"PRV55145","No"
"PRV55146","No"
"PRV55147","Yes"
"PRV55148","No"
"PRV55149","No"
"PRV55150","No"
"PRV55151","No"
"PRV55152","No"
"PRV55154","No"
"PRV55155","No"
"PRV55156","No"
"PRV55157","No"
"PRV55158","No"
"PRV55160","No"
"PRV55161","No"
"PRV55163","Yes"
"PRV55164","No"
"PRV55165","Yes"
"PRV55166","No"
"PRV55167","No"
"PRV55168","No"
"PRV55169","No"
"PRV55171","Yes"
"PRV55172","Yes"
"PRV55173","No"
"PRV55175","No"
"PRV55176","No"
"PRV55177","No"
"PRV55178","No"
"PRV55179","No"
"PRV55180","No"
"PRV55181","No"
"PRV55182","No"
"PRV55183","No"
"PRV55184","No"
"PRV55185","No"
"PRV55187","No"
"PRV55188","No"
"PRV55189","No"
"PRV55191","No"
"PRV55192","No"
"PRV55193","Yes"
"PRV55194","Yes"
"PRV55195","Yes"
"PRV55196","No"
"PRV55197","No"
"PRV55198","No"
"PRV55200","No"
"PRV55202","No"
"PRV55203","No"
"PRV55205","No"
"PRV55206","No"
"PRV55207","No"
"PRV55208","No"
"PRV55209","Yes"
"PRV55210","No"
"PRV55211","No"
"PRV55213","No"
"PRV55214","No"
"PRV55215","Yes"
"PRV55216","No"
"PRV55218","No"
"PRV55219","No"
"PRV55220","No"
"PRV55224","No"
"PRV55225","Yes"
"PRV55226","No"
"PRV55227","No"
"PRV55229","No"
"PRV55230","Yes"
"PRV55231","No"
"PRV55232","No"
"PRV55233","No"
"PRV55234","No"
"PRV55235","No"
"PRV55236","No"
"PRV55237","No"
"PRV55238","No"
"PRV55239","No"
"PRV55240","No"
"PRV55242","No"
"PRV55243","No"
"PRV55244","No"
"PRV55246","No"
"PRV55247","No"
"PRV55248","No"
"PRV55250","Yes"
"PRV55252","No"
"PRV55254","No"
"PRV55255","No"
"PRV55256","No"
"PRV55257","No"
"PRV55258","No"
"PRV55259","No"
"PRV55260","No"
"PRV55261","No"
"PRV55262","No"
"PRV55263","No"
"PRV55264","No"
"PRV55265","No"
"PRV55266","Yes"
"PRV55267","No"
"PRV55268","No"
"PRV55269","No"
"PRV55270","No"
"PRV55271","No"
"PRV55272","No"
"PRV55273","No"
"PRV55274","No"
"PRV55275","No"
"PRV55276","No"
"PRV55277","No"
"PRV55278","No"
"PRV55279","No"
"PRV55281","No"
"PRV55283","No"
"PRV55285","No"
"PRV55286","No"
"PRV55289","No"
"PRV55291","No"
"PRV55292","No"
"PRV55293","No"
"PRV55295","No"
"PRV55296","No"
"PRV55297","No"
"PRV55298","No"
"PRV55299","No"
"PRV55300","No"
"PRV55302","No"
"PRV55304","No"
"PRV55305","No"
"PRV55306","No"
"PRV55307","No"
"PRV55309","No"
"PRV55312","No"
"PRV55313","No"
"PRV55314","No"
"PRV55316","No"
"PRV55318","No"
"PRV55319","No"
"PRV55320","No"
"PRV55322","No"
"PRV55323","No"
"PRV55324","No"
"PRV55325","No"
"PRV55326","No"
"PRV55329","No"
"PRV55330","No"
"PRV55331","No"
"PRV55333","No"
"PRV55335","No"
"PRV55337","No"
"PRV55338","No"
"PRV55339","No"
"PRV55340","No"
"PRV55341","No"
"PRV55342","No"
"PRV55343","No"
"PRV55344","No"
"PRV55345","No"
"PRV55348","No"
"PRV55350","No"
"PRV55351","No"
"PRV55352","No"
"PRV55353","No"
"PRV55354","No"
"PRV55355","No"
"PRV55356","No"
"PRV55357","No"
"PRV55358","No"
"PRV55359","No"
"PRV55360","No"
"PRV55361","No"
"PRV55362","No"
"PRV55363","No"
"PRV55364","No"
"PRV55365","No"
"PRV55366","No"
"PRV55368","No"
"PRV55371","No"
"PRV55372","No"
"PRV55374","Yes"
"PRV55375","Yes"
"PRV55376","No"
"PRV55377","No"
"PRV55378","No"
"PRV55379","No"
"PRV55381","No"
"PRV55382","No"
"PRV55383","No"
"PRV55384","No"
"PRV55385","No"
"PRV55386","No"
"PRV55387","No"
"PRV55388","No"
"PRV55390","No"
"PRV55392","No"
"PRV55395","No"
"PRV55396","No"
"PRV55397","No"
"PRV55398","No"
"PRV55399","No"
"PRV55400","No"
"PRV55401","No"
"PRV55402","No"
"PRV55404","No"
"PRV55405","No"
"PRV55408","No"
"PRV55409","No"
"PRV55410","No"
"PRV55411","No"
"PRV55412","No"
"PRV55413","No"
"PRV55414","No"
"PRV55416","No"
"PRV55417","No"
"PRV55418","No"
"PRV55419","No"
"PRV55423","No"
"PRV55424","No"
"PRV55425","No"
"PRV55426","No"
"PRV55427","No"
"PRV55428","No"
"PRV55430","Yes"
"PRV55431","No"
"PRV55432","No"
"PRV55433","Yes"
"PRV55434","No"
"PRV55435","Yes"
"PRV55436","No"
"PRV55437","Yes"
"PRV55438","No"
"PRV55439","No"
"PRV55441","No"
"PRV55442","No"
"PRV55443","No"
"PRV55444","Yes"
"PRV55445","No"
"PRV55446","No"
"PRV55447","No"
"PRV55448","No"
"PRV55449","No"
"PRV55450","No"
"PRV55451","No"
"PRV55452","No"
"PRV55453","Yes"
"PRV55454","No"
"PRV55455","No"
"PRV55456","No"
"PRV55458","No"
"PRV55459","No"
"PRV55460","No"
"PRV55462","Yes"
"PRV55463","No"
"PRV55464","No"
"PRV55465","No"
"PRV55467","Yes"
"PRV55468","No"
"PRV55469","No"
"PRV55470","No"
"PRV55471","No"
"PRV55472","Yes"
"PRV55473","No"
"PRV55474","No"
"PRV55475","No"
"PRV55477","No"
"PRV55479","No"
"PRV55480","No"
"PRV55481","No"
"PRV55482","Yes"
"PRV55483","Yes"
"PRV55486","No"
"PRV55487","No"
"PRV55489","No"
"PRV55490","No"
"PRV55491","No"
"PRV55492","Yes"
"PRV55493","No"
"PRV55494","No"
"PRV55495","Yes"
"PRV55496","Yes"
"PRV55497","No"
"PRV55498","No"
"PRV55499","No"
"PRV55500","No"
"PRV55501","No"
"PRV55503","No"
"PRV55505","No"
"PRV55506","Yes"
"PRV55507","No"
"PRV55508","No"
"PRV55509","Yes"
"PRV55510","No"
"PRV55511","No"
"PRV55512","No"
"PRV55513","No"
"PRV55514","Yes"
"PRV55515","No"
"PRV55516","No"
"PRV55518","No"
"PRV55519","Yes"
"PRV55520","No"
"PRV55521","No"
"PRV55522","No"
"PRV55523","No"
"PRV55525","No"
"PRV55527","No"
"PRV55528","No"
"PRV55530","No"
"PRV55531","Yes"
"PRV55534","No"
"PRV55535","No"
"PRV55536","No"
"PRV55537","No"
"PRV55538","No"
"PRV55539","No"
"PRV55540","No"
"PRV55541","No"
"PRV55543","No"
"PRV55547","No"
"PRV55548","No"
"PRV55549","No"
"PRV55550","Yes"
"PRV55551","No"
"PRV55552","No"
"PRV55554","No"
"PRV55555","No"
"PRV55556","No"
"PRV55557","No"
"PRV55558","No"
"PRV55560","No"
"PRV55561","No"
"PRV55562","No"
"PRV55563","No"
"PRV55564","No"
"PRV55565","No"
"PRV55566","No"
"PRV55567","No"
"PRV55569","No"
"PRV55570","No"
"PRV55571","No"
"PRV55572","No"
"PRV55573","No"
"PRV55574","No"
"PRV55575","No"
"PRV55576","No"
"PRV55577","No"
"PRV55578","No"
"PRV55579","No"
"PRV55580","No"
"PRV55581","No"
"PRV55582","No"
"PRV55583","No"
"PRV55584","No"
"PRV55585","No"
"PRV55586","No"
"PRV55587","No"
"PRV55588","No"
"PRV55589","No"
"PRV55590","No"
"PRV55591","No"
"PRV55592","No"
"PRV55593","No"
"PRV55595","No"
"PRV55596","No"
"PRV55598","No"
"PRV55599","No"
"PRV55600","No"
"PRV55601","No"
"PRV55602","No"
"PRV55603","No"
"PRV55604","No"
"PRV55606","No"
"PRV55607","No"
"PRV55608","No"
"PRV55609","No"
"PRV55610","No"
"PRV55612","No"
"PRV55613","No"
"PRV55614","No"
"PRV55615","No"
"PRV55617","No"
"PRV55618","No"
"PRV55619","No"
"PRV55620","No"
"PRV55621","No"
"PRV55622","No"
"PRV55623","No"
"PRV55624","No"
"PRV55625","No"
"PRV55626","No"
"PRV55627","No"
"PRV55631","No"
"PRV55632","No"
"PRV55633","No"
"PRV55634","No"
"PRV55635","No"
"PRV55637","No"
"PRV55638","No"
"PRV55639","No"
"PRV55640","No"
"PRV55641","No"
"PRV55642","No"
"PRV55644","No"
"PRV55646","No"
"PRV55648","No"
"PRV55649","No"
"PRV55650","No"
"PRV55652","No"
"PRV55653","No"
"PRV55654","No"
"PRV55655","No"
"PRV55656","No"
"PRV55657","No"
"PRV55658","No"
"PRV55659","Yes"
"PRV55660","No"
"PRV55661","No"
"PRV55662","No"
"PRV55663","No"
"PRV55664","No"
"PRV55665","No"
"PRV55666","No"
"PRV55667","Yes"
"PRV55668","No"
"PRV55670","Yes"
"PRV55671","No"
"PRV55673","Yes"
"PRV55674","No"
"PRV55675","No"
"PRV55676","Yes"
"PRV55677","No"
"PRV55678","No"
"PRV55679","No"
"PRV55680","No"
"PRV55682","No"
"PRV55683","No"
"PRV55684","No"
"PRV55687","No"
"PRV55688","No"
"PRV55689","Yes"
"PRV55690","No"
"PRV55691","No"
"PRV55692","No"
"PRV55695","No"
"PRV55697","No"
"PRV55699","No"
"PRV55700","No"
"PRV55701","No"
"PRV55702","No"
"PRV55703","No"
"PRV55704","No"
"PRV55705","No"
"PRV55706","No"
"PRV55707","No"
"PRV55709","No"
"PRV55710","No"
"PRV55711","No"
"PRV55712","No"
"PRV55714","No"
"PRV55715","Yes"
"PRV55716","No"
"PRV55717","No"
"PRV55719","No"
"PRV55720","No"
"PRV55721","No"
"PRV55723","No"
"PRV55724","No"
"PRV55726","No"
"PRV55727","No"
"PRV55728","No"
"PRV55729","No"
"PRV55731","No"
"PRV55732","No"
"PRV55733","No"
"PRV55734","No"
"PRV55735","No"
"PRV55736","No"
"PRV55737","No"
"PRV55739","No"
"PRV55740","No"
"PRV55741","No"
"PRV55742","No"
"PRV55743","No"
"PRV55744","No"
"PRV55745","No"
"PRV55748","No"
"PRV55749","No"
"PRV55750","No"
"PRV55751","No"
"PRV55752","No"
"PRV55753","No"
"PRV55754","No"
"PRV55755","No"
"PRV55759","No"
"PRV55760","No"
"PRV55761","No"
"PRV55762","No"
"PRV55763","No"
"PRV55764","No"
"PRV55765","No"
"PRV55766","No"
"PRV55767","No"
"PRV55768","No"
"PRV55769","No"
"PRV55770","No"
"PRV55771","No"
"PRV55772","No"
"PRV55774","No"
"PRV55775","No"
"PRV55776","No"
"PRV55777","No"
"PRV55778","No"
"PRV55779","No"
"PRV55780","No"
"PRV55782","No"
"PRV55783","No"
"PRV55785","No"
"PRV55786","No"
"PRV55787","No"
"PRV55788","No"
"PRV55789","No"
"PRV55790","No"
"PRV55791","No"
"PRV55792","No"
"PRV55793","No"
"PRV55794","No"
"PRV55795","No"
"PRV55796","No"
"PRV55797","No"
"PRV55798","No"
"PRV55800","No"
"PRV55801","No"
"PRV55802","No"
"PRV55803","No"
"PRV55804","No"
"PRV55805","No"
"PRV55806","No"
"PRV55807","No"
"PRV55808","No"
"PRV55809","No"
"PRV55810","No"
"PRV55811","No"
"PRV55812","Yes"
"PRV55813","No"
"PRV55814","No"
"PRV55815","No"
"PRV55816","No"
"PRV55817","No"
"PRV55818","No"
"PRV55819","No"
"PRV55820","No"
"PRV55821","Yes"
"PRV55822","No"
"PRV55826","No"
"PRV55828","No"
"PRV55830","No"
"PRV55831","No"
"PRV55832","No"
"PRV55833","No"
"PRV55834","No"
"PRV55835","Yes"
"PRV55836","No"
"PRV55837","No"
"PRV55839","No"
"PRV55842","Yes"
"PRV55843","No"
"PRV55846","No"
"PRV55847","No"
"PRV55848","No"
"PRV55849","Yes"
"PRV55850","No"
"PRV55851","No"
"PRV55852","Yes"
"PRV55854","No"
"PRV55855","No"
"PRV55856","No"
"PRV55858","No"
"PRV55859","No"
"PRV55862","No"
"PRV55863","No"
"PRV55864","No"
"PRV55865","No"
"PRV55866","No"
"PRV55867","No"
"PRV55868","No"
"PRV55869","No"
"PRV55870","No"
"PRV55871","No"
"PRV55872","No"
"PRV55873","No"
"PRV55874","No"
"PRV55875","No"
"PRV55876","No"
"PRV55877","No"
"PRV55879","No"
"PRV55880","No"
"PRV55881","No"
"PRV55882","No"
"PRV55883","No"
"PRV55884","No"
"PRV55885","No"
"PRV55886","No"
"PRV55887","No"
"PRV55891","No"
"PRV55892","No"
"PRV55893","Yes"
"PRV55895","Yes"
"PRV55896","Yes"
"PRV55897","Yes"
"PRV55898","No"
"PRV55900","No"
"PRV55901","No"
"PRV55902","No"
"PRV55903","No"
"PRV55904","No"
"PRV55905","Yes"
"PRV55906","No"
"PRV55907","No"
"PRV55908","No"
"PRV55909","No"
"PRV55910","No"
"PRV55911","Yes"
"PRV55912","Yes"
"PRV55913","Yes"
"PRV55914","Yes"
"PRV55915","No"
"PRV55916","No"
"PRV55917","No"
"PRV55918","No"
"PRV55919","No"
"PRV55920","No"
"PRV55921","No"
"PRV55925","No"
"PRV55926","No"
"PRV55927","No"
"PRV55928","No"
"PRV55929","No"
"PRV55930","No"
"PRV55931","No"
"PRV55933","No"
"PRV55934","Yes"
"PRV55935","No"
"PRV55936","No"
"PRV55937","No"
"PRV55938","No"
"PRV55939","No"
"PRV55940","No"
"PRV55941","No"
"PRV55942","No"
"PRV55943","No"
"PRV55944","No"
"PRV55945","No"
"PRV55946","No"
"PRV55948","No"
"PRV55950","No"
"PRV55951","Yes"
"PRV55953","No"
"PRV55955","No"
"PRV55956","No"
"PRV55957","Yes"
"PRV55958","No"
"PRV55959","Yes"
"PRV55963","No"
"PRV55964","No"
"PRV55965","No"
"PRV55966","No"
"PRV55968","No"
"PRV55969","No"
"PRV55970","No"
"PRV55971","Yes"
"PRV55972","No"
"PRV55974","No"
"PRV55977","Yes"
"PRV55978","No"
"PRV55980","No"
"PRV55981","No"
"PRV55982","No"
"PRV55983","No"
"PRV55984","No"
"PRV55985","No"
"PRV55986","No"
"PRV55989","No"
"PRV55990","No"
"PRV55991","No"
"PRV55993","No"
"PRV55995","No"
"PRV55996","Yes"
"PRV55997","No"
"PRV55999","No"
"PRV56001","No"
"PRV56002","No"
"PRV56003","No"
"PRV56004","No"
"PRV56005","No"
"PRV56006","No"
"PRV56007","Yes"
"PRV56008","Yes"
"PRV56010","No"
"PRV56011","Yes"
"PRV56012","Yes"
"PRV56013","No"
"PRV56014","No"
"PRV56015","No"
"PRV56016","No"
"PRV56017","No"
"PRV56018","No"
"PRV56019","No"
"PRV56020","No"
"PRV56021","No"
"PRV56023","Yes"
"PRV56025","No"
"PRV56026","No"
"PRV56027","No"
"PRV56028","No"
"PRV56029","No"
"PRV56030","No"
"PRV56031","No"
"PRV56032","No"
"PRV56033","No"
"PRV56034","No"
"PRV56036","No"
"PRV56037","No"
"PRV56038","No"
"PRV56039","No"
"PRV56040","No"
"PRV56041","No"
"PRV56044","No"
"PRV56045","No"
"PRV56046","No"
"PRV56047","No"
"PRV56048","No"
"PRV56049","No"
"PRV56050","No"
"PRV56051","No"
"PRV56052","No"
"PRV56054","No"
"PRV56055","No"
"PRV56056","No"
"PRV56057","No"
"PRV56058","No"
"PRV56060","No"
"PRV56062","No"
"PRV56063","No"
"PRV56065","No"
"PRV56066","No"
"PRV56067","No"
"PRV56068","No"
"PRV56071","No"
"PRV56072","No"
"PRV56073","No"
"PRV56075","No"
"PRV56076","No"
"PRV56077","No"
"PRV56078","No"
"PRV56080","No"
"PRV56083","No"
"PRV56084","No"
"PRV56086","No"
"PRV56087","No"
"PRV56088","No"
"PRV56089","No"
"PRV56090","No"
"PRV56091","No"
"PRV56092","No"
"PRV56093","No"
"PRV56094","No"
"PRV56095","No"
"PRV56098","No"
"PRV56099","No"
"PRV56101","No"
"PRV56102","No"
"PRV56103","Yes"
"PRV56104","Yes"
"PRV56105","No"
"PRV56106","No"
"PRV56108","No"
"PRV56109","No"
"PRV56111","No"
"PRV56113","No"
"PRV56114","No"
"PRV56115","No"
"PRV56116","No"
"PRV56117","No"
"PRV56118","No"
"PRV56119","No"
"PRV56120","No"
"PRV56121","No"
"PRV56122","No"
"PRV56123","No"
"PRV56124","No"
"PRV56125","No"
"PRV56126","No"
"PRV56129","No"
"PRV56130","No"
"PRV56131","No"
"PRV56133","No"
"PRV56134","Yes"
"PRV56135","No"
"PRV56136","No"
"PRV56137","No"
"PRV56138","No"
"PRV56139","No"
"PRV56140","No"
"PRV56141","No"
"PRV56142","No"
"PRV56143","No"
"PRV56145","No"
"PRV56146","No"
"PRV56147","No"
"PRV56148","No"
"PRV56149","No"
"PRV56151","No"
"PRV56152","No"
"PRV56153","No"
"PRV56154","No"
"PRV56156","No"
"PRV56157","No"
"PRV56158","No"
"PRV56159","No"
"PRV56161","Yes"
"PRV56163","No"
"PRV56164","No"
"PRV56165","No"
"PRV56166","No"
"PRV56168","No"
"PRV56169","No"
"PRV56170","No"
"PRV56171","No"
"PRV56172","No"
"PRV56173","No"
"PRV56174","No"
"PRV56176","No"
"PRV56177","No"
"PRV56179","No"
"PRV56181","No"
"PRV56182","No"
"PRV56183","No"
"PRV56184","No"
"PRV56185","No"
"PRV56186","No"
"PRV56187","No"
"PRV56189","No"
"PRV56190","No"
"PRV56191","No"
"PRV56193","No"
"PRV56194","No"
"PRV56196","No"
"PRV56198","No"
"PRV56199","No"
"PRV56200","No"
"PRV56201","No"
"PRV56202","No"
"PRV56206","No"
"PRV56207","No"
"PRV56208","No"
"PRV56209","No"
"PRV56210","No"
"PRV56211","No"
"PRV56212","No"
"PRV56213","No"
"PRV56214","No"
"PRV56216","No"
"PRV56217","No"
"PRV56218","No"
"PRV56219","No"
"PRV56220","No"
"PRV56221","No"
"PRV56222","No"
"PRV56224","No"
"PRV56225","Yes"
"PRV56227","No"
"PRV56228","No"
"PRV56229","No"
"PRV56231","Yes"
"PRV56232","No"
"PRV56233","No"
"PRV56234","No"
"PRV56235","No"
"PRV56236","No"
"PRV56237","No"
"PRV56238","No"
"PRV56239","No"
"PRV56241","No"
"PRV56242","No"
"PRV56243","No"
"PRV56245","No"
"PRV56247","No"
"PRV56248","No"
"PRV56249","Yes"
"PRV56251","No"
"PRV56252","No"
"PRV56253","Yes"
"PRV56255","No"
"PRV56256","No"
"PRV56257","Yes"
"PRV56258","No"
"PRV56259","Yes"
"PRV56260","No"
"PRV56261","No"
"PRV56262","No"
"PRV56263","No"
"PRV56264","No"
"PRV56265","No"
"PRV56266","No"
"PRV56267","No"
"PRV56268","Yes"
"PRV56269","No"
"PRV56270","No"
"PRV56271","No"
"PRV56272","No"
"PRV56274","No"
"PRV56275","No"
"PRV56276","No"
"PRV56277","No"
"PRV56278","No"
"PRV56279","No"
"PRV56280","No"
"PRV56281","No"
"PRV56282","No"
"PRV56283","No"
"PRV56284","No"
"PRV56285","No"
"PRV56286","No"
"PRV56287","No"
"PRV56288","No"
"PRV56289","No"
"PRV56290","No"
"PRV56291","No"
"PRV56293","No"
"PRV56295","No"
"PRV56297","No"
"PRV56299","No"
"PRV56300","No"
"PRV56301","No"
"PRV56302","No"
"PRV56303","No"
"PRV56304","No"
"PRV56305","No"
"PRV56306","No"
"PRV56307","No"
"PRV56308","No"
"PRV56309","No"
"PRV56310","No"
"PRV56311","No"
"PRV56313","No"
"PRV56314","No"
"PRV56316","No"
"PRV56317","No"
"PRV56318","No"
"PRV56319","No"
"PRV56321","No"
"PRV56322","No"
"PRV56324","No"
"PRV56328","No"
"PRV56329","No"
"PRV56330","No"
"PRV56331","No"
"PRV56333","No"
"PRV56334","No"
"PRV56335","No"
"PRV56336","No"
"PRV56337","No"
"PRV56338","No"
"PRV56339","No"
"PRV56340","No"
"PRV56341","No"
"PRV56342","No"
"PRV56344","No"
"PRV56345","No"
"PRV56346","No"
"PRV56347","No"
"PRV56348","No"
"PRV56349","No"
"PRV56350","Yes"
"PRV56351","No"
"PRV56352","No"
"PRV56353","No"
"PRV56354","No"
"PRV56355","No"
"PRV56357","No"
"PRV56358","No"
"PRV56360","No"
"PRV56361","Yes"
"PRV56362","No"
"PRV56363","No"
"PRV56364","No"
"PRV56366","No"
"PRV56367","No"
"PRV56368","No"
"PRV56369","No"
"PRV56370","No"
"PRV56373","No"
"PRV56374","No"
"PRV56375","No"
"PRV56376","No"
"PRV56377","No"
"PRV56378","No"
"PRV56379","No"
"PRV56380","No"
"PRV56381","No"
"PRV56384","No"
"PRV56385","No"
"PRV56387","No"
"PRV56388","No"
"PRV56389","No"
"PRV56390","No"
"PRV56391","No"
"PRV56392","Yes"
"PRV56393","No"
"PRV56394","No"
"PRV56395","No"
"PRV56396","Yes"
"PRV56397","No"
"PRV56398","No"
"PRV56400","Yes"
"PRV56401","No"
"PRV56403","Yes"
"PRV56404","No"
"PRV56405","No"
"PRV56406","No"
"PRV56407","No"
"PRV56408","No"
"PRV56410","No"
"PRV56411","No"
"PRV56412","No"
"PRV56413","No"
"PRV56414","No"
"PRV56415","No"
"PRV56416","Yes"
"PRV56417","No"
"PRV56418","No"
"PRV56421","Yes"
"PRV56423","No"
"PRV56425","Yes"
"PRV56426","No"
"PRV56427","No"
"PRV56428","Yes"
"PRV56430","No"
"PRV56432","No"
"PRV56433","No"
"PRV56435","Yes"
"PRV56437","Yes"
"PRV56438","Yes"
"PRV56439","No"
"PRV56440","No"
"PRV56441","No"
"PRV56442","Yes"
"PRV56444","Yes"
"PRV56445","No"
"PRV56447","Yes"
"PRV56448","No"
"PRV56449","No"
"PRV56451","No"
"PRV56452","No"
"PRV56453","No"
"PRV56454","No"
"PRV56455","No"
"PRV56456","No"
"PRV56458","No"
"PRV56461","No"
"PRV56463","No"
"PRV56464","No"
"PRV56466","No"
"PRV56467","No"
"PRV56468","No"
"PRV56469","No"
"PRV56470","No"
"PRV56471","No"
"PRV56473","No"
"PRV56474","No"
"PRV56475","No"
"PRV56476","No"
"PRV56477","No"
"PRV56478","No"
"PRV56479","No"
"PRV56480","No"
"PRV56481","Yes"
"PRV56482","No"
"PRV56483","No"
"PRV56484","No"
"PRV56485","No"
"PRV56486","No"
"PRV56487","No"
"PRV56489","No"
"PRV56490","No"
"PRV56494","No"
"PRV56495","No"
"PRV56496","No"
"PRV56497","No"
"PRV56498","No"
"PRV56500","No"
"PRV56501","Yes"
"PRV56502","No"
"PRV56504","No"
"PRV56507","No"
"PRV56508","No"
"PRV56509","No"
"PRV56510","No"
"PRV56511","No"
"PRV56512","No"
"PRV56514","No"
"PRV56515","No"
"PRV56517","No"
"PRV56518","No"
"PRV56519","No"
"PRV56521","No"
"PRV56522","No"
"PRV56523","Yes"
"PRV56524","No"
"PRV56525","No"
"PRV56526","No"
"PRV56527","No"
"PRV56528","No"
"PRV56529","No"
"PRV56530","No"
"PRV56531","No"
"PRV56533","No"
"PRV56535","No"
"PRV56536","No"
"PRV56537","No"
"PRV56538","No"
"PRV56539","No"
"PRV56540","No"
"PRV56541","Yes"
"PRV56543","No"
"PRV56544","No"
"PRV56545","No"
"PRV56546","No"
"PRV56547","No"
"PRV56548","No"
"PRV56549","No"
"PRV56550","Yes"
"PRV56551","No"
"PRV56552","No"
"PRV56553","No"
"PRV56554","No"
"PRV56555","No"
"PRV56556","No"
"PRV56557","No"
"PRV56559","No"
"PRV56560","Yes"
"PRV56562","No"
"PRV56563","No"
"PRV56566","Yes"
"PRV56568","No"
"PRV56570","No"
"PRV56571","No"
"PRV56572","No"
"PRV56574","No"
"PRV56575","Yes"
"PRV56576","No"
"PRV56577","No"
"PRV56578","No"
"PRV56579","No"
"PRV56580","No"
"PRV56581","No"
"PRV56582","No"
"PRV56583","No"
"PRV56584","No"
"PRV56585","No"
"PRV56586","No"
"PRV56587","Yes"
"PRV56588","Yes"
"PRV56589","No"
"PRV56590","No"
"PRV56591","Yes"
"PRV56592","Yes"
"PRV56593","No"
"PRV56594","No"
"PRV56595","No"
"PRV56596","No"
"PRV56597","No"
"PRV56598","No"
"PRV56601","No"
"PRV56602","No"
"PRV56603","No"
"PRV56604","No"
"PRV56605","Yes"
"PRV56606","No"
"PRV56607","No"
"PRV56608","Yes"
"PRV56610","No"
"PRV56611","No"
"PRV56613","No"
"PRV56614","No"
"PRV56615","No"
"PRV56616","Yes"
"PRV56618","No"
"PRV56621","No"
"PRV56622","No"
"PRV56624","Yes"
"PRV56625","No"
"PRV56626","No"
"PRV56628","No"
"PRV56630","Yes"
"PRV56632","No"
"PRV56633","No"
"PRV56634","No"
"PRV56635","No"
"PRV56637","No"
"PRV56638","No"
"PRV56639","No"
"PRV56640","No"
"PRV56641","No"
"PRV56642","No"
"PRV56643","No"
"PRV56645","No"
"PRV56647","Yes"
"PRV56648","No"
"PRV56649","Yes"
"PRV56651","No"
"PRV56653","No"
"PRV56654","No"
"PRV56655","No"
"PRV56656","No"
"PRV56657","No"
"PRV56658","No"
"PRV56659","No"
"PRV56660","No"
"PRV56662","No"
"PRV56663","No"
"PRV56664","No"
"PRV56667","No"
"PRV56668","Yes"
"PRV56669","Yes"
"PRV56671","No"
"PRV56672","No"
"PRV56673","No"
"PRV56674","No"
"PRV56675","No"
"PRV56677","No"
"PRV56679","No"
"PRV56680","No"
"PRV56681","No"
"PRV56682","No"
"PRV56683","No"
"PRV56684","No"
"PRV56685","Yes"
"PRV56686","No"
"PRV56687","No"
"PRV56688","No"
"PRV56689","Yes"
"PRV56691","No"
"PRV56693","No"
"PRV56694","No"
"PRV56696","No"
"PRV56697","No"
"PRV56699","No"
"PRV56700","No"
"PRV56701","No"
"PRV56702","No"
"PRV56703","No"
"PRV56705","No"
"PRV56706","Yes"
"PRV56707","No"
"PRV56708","No"
"PRV56710","No"
"PRV56711","Yes"
"PRV56712","No"
"PRV56713","No"
"PRV56715","No"
"PRV56716","No"
"PRV56717","No"
"PRV56718","No"
"PRV56719","Yes"
"PRV56720","No"
"PRV56721","No"
"PRV56722","No"
"PRV56723","No"
"PRV56724","No"
"PRV56725","No"
"PRV56726","No"
"PRV56728","No"
"PRV56729","No"
"PRV56730","Yes"
"PRV56731","Yes"
"PRV56732","Yes"
"PRV56733","No"
"PRV56734","No"
"PRV56735","No"
"PRV56738","No"
"PRV56739","No"
"PRV56740","No"
"PRV56741","No"
"PRV56742","No"
"PRV56743","No"
"PRV56745","No"
"PRV56746","No"
"PRV56747","No"
"PRV56748","Yes"
"PRV56749","No"
"PRV56750","No"
"PRV56751","No"
"PRV56752","No"
"PRV56753","No"
"PRV56754","No"
"PRV56755","No"
"PRV56758","No"
"PRV56759","No"
"PRV56760","No"
"PRV56761","No"
"PRV56762","No"
"PRV56763","No"
"PRV56764","No"
"PRV56765","No"
"PRV56766","No"
"PRV56767","No"
"PRV56768","No"
"PRV56769","No"
"PRV56771","No"
"PRV56772","No"
"PRV56773","No"
"PRV56774","No"
"PRV56775","No"
"PRV56777","No"
"PRV56778","No"
"PRV56780","No"
"PRV56782","No"
"PRV56783","No"
"PRV56784","No"
"PRV56788","No"
"PRV56789","No"
"PRV56790","No"
"PRV56791","No"
"PRV56792","No"
"PRV56793","No"
"PRV56796","No"
"PRV56797","No"
"PRV56798","No"
"PRV56800","No"
"PRV56801","No"
"PRV56802","No"
"PRV56803","No"
"PRV56805","No"
"PRV56807","No"
"PRV56808","Yes"
"PRV56809","No"
"PRV56810","No"
"PRV56811","No"
"PRV56813","No"
"PRV56816","No"
"PRV56818","No"
"PRV56819","No"
"PRV56820","No"
"PRV56821","No"
"PRV56823","No"
"PRV56824","No"
"PRV56826","No"
"PRV56828","No"
"PRV56829","No"
"PRV56830","No"
"PRV56831","No"
"PRV56832","No"
"PRV56833","No"
"PRV56834","No"
"PRV56835","No"
"PRV56836","No"
"PRV56837","No"
"PRV56839","No"
"PRV56840","No"
"PRV56843","No"
"PRV56845","No"
"PRV56846","No"
"PRV56850","No"
"PRV56851","No"
"PRV56852","No"
"PRV56853","No"
"PRV56854","No"
"PRV56855","No"
"PRV56856","No"
"PRV56857","No"
"PRV56858","No"
"PRV56860","No"
"PRV56861","No"
"PRV56862","No"
"PRV56863","No"
"PRV56864","No"
"PRV56866","No"
"PRV56867","No"
"PRV56868","No"
"PRV56869","No"
"PRV56870","No"
"PRV56871","No"
"PRV56873","No"
"PRV56877","Yes"
"PRV56878","No"
"PRV56879","No"
"PRV56880","No"
"PRV56881","No"
"PRV56882","No"
"PRV56884","No"
"PRV56885","No"
"PRV56886","No"
"PRV56887","No"
"PRV56888","No"
"PRV56889","No"
"PRV56890","No"
"PRV56891","No"
"PRV56892","No"
"PRV56893","No"
"PRV56894","No"
"PRV56895","No"
"PRV56896","No"
"PRV56897","No"
"PRV56900","No"
"PRV56901","No"
"PRV56902","No"
"PRV56903","No"
"PRV56904","No"
"PRV56905","No"
"PRV56906","No"
"PRV56907","No"
"PRV56908","No"
"PRV56909","No"
"PRV56910","No"
"PRV56912","No"
"PRV56914","No"
"PRV56915","No"
"PRV56916","No"
"PRV56917","No"
"PRV56918","Yes"
"PRV56919","No"
"PRV56920","No"
"PRV56923","No"
"PRV56926","No"
"PRV56928","No"
"PRV56929","No"
"PRV56930","No"
"PRV56931","No"
"PRV56932","No"
"PRV56933","No"
"PRV56934","No"
"PRV56935","No"
"PRV56937","No"
"PRV56938","No"
"PRV56939","No"
"PRV56941","No"
"PRV56942","No"
"PRV56944","No"
"PRV56945","No"
"PRV56946","No"
"PRV56947","No"
"PRV56948","No"
"PRV56949","No"
"PRV56950","No"
"PRV56951","No"
"PRV56953","No"
"PRV56954","No"
"PRV56956","No"
"PRV56957","No"
"PRV56958","No"
"PRV56960","No"
"PRV56963","No"
"PRV56964","No"
"PRV56965","No"
"PRV56966","No"
"PRV56967","No"
"PRV56969","No"
"PRV56970","No"
"PRV56971","No"
"PRV56972","No"
"PRV56973","No"
"PRV56974","No"
"PRV56976","No"
"PRV56977","No"
"PRV56978","No"
"PRV56980","No"
"PRV56981","No"
"PRV56982","No"
"PRV56984","No"
"PRV56985","No"
"PRV56986","No"
"PRV56987","No"
"PRV56988","No"
"PRV56989","No"
"PRV56990","No"
"PRV56991","No"
"PRV56992","No"
"PRV56993","No"
"PRV56995","No"
"PRV56996","No"
"PRV56997","No"
"PRV56998","No"
"PRV56999","No"
"PRV57000","No"
"PRV57002","No"
"PRV57004","No"
"PRV57005","No"
"PRV57006","No"
"PRV57010","No"
"PRV57011","No"
"PRV57013","No"
"PRV57014","No"
"PRV57015","No"
"PRV57016","No"
"PRV57017","Yes"
"PRV57018","Yes"
"PRV57020","No"
"PRV57021","Yes"
"PRV57023","No"
"PRV57024","No"
"PRV57025","Yes"
"PRV57030","Yes"
"PRV57031","No"
"PRV57033","No"
"PRV57034","No"
"PRV57036","No"
"PRV57038","No"
"PRV57039","No"
"PRV57041","No"
"PRV57043","No"
"PRV57046","No"
"PRV57047","No"
"PRV57048","No"
"PRV57049","Yes"
"PRV57051","No"
"PRV57052","No"
"PRV57053","No"
"PRV57054","No"
"PRV57056","No"
"PRV57057","No"
"PRV57058","No"
"PRV57059","No"
"PRV57061","No"
"PRV57062","No"
"PRV57063","No"
"PRV57067","No"
"PRV57069","No"
"PRV57072","No"
"PRV57073","No"
"PRV57074","No"
"PRV57075","No"
"PRV57076","No"
"PRV57077","No"
"PRV57078","No"
"PRV57080","No"
"PRV57081","No"
"PRV57082","No"
"PRV57084","No"
"PRV57085","No"
"PRV57086","No"
"PRV57087","No"
"PRV57088","No"
"PRV57089","No"
"PRV57091","No"
"PRV57092","No"
"PRV57093","No"
"PRV57094","No"
"PRV57096","Yes"
"PRV57097","No"
"PRV57098","No"
"PRV57099","No"
"PRV57100","No"
"PRV57101","No"
"PRV57102","No"
"PRV57103","Yes"
"PRV57104","Yes"
"PRV57105","No"
"PRV57107","No"
"PRV57108","No"
"PRV57109","No"
"PRV57110","No"
"PRV57112","No"
"PRV57113","No"
"PRV57115","No"
"PRV57116","No"
"PRV57117","Yes"
"PRV57118","No"
"PRV57119","No"
"PRV57120","No"
"PRV57121","No"
"PRV57122","No"
"PRV57124","No"
"PRV57125","No"
"PRV57126","No"
"PRV57127","No"
"PRV57128","No"
"PRV57129","No"
"PRV57130","No"
"PRV57131","No"
"PRV57132","No"
"PRV57133","No"
"PRV57134","No"
"PRV57136","No"
"PRV57137","No"
"PRV57138","No"
"PRV57139","No"
"PRV57140","No"
"PRV57141","No"
"PRV57142","No"
"PRV57143","No"
"PRV57144","No"
"PRV57145","No"
"PRV57146","No"
"PRV57147","No"
"PRV57148","No"
"PRV57149","No"
"PRV57150","No"
"PRV57151","No"
"PRV57152","No"
"PRV57153","No"
"PRV57154","No"
"PRV57156","No"
"PRV57157","No"
"PRV57158","Yes"
"PRV57159","No"
"PRV57160","No"
"PRV57161","No"
"PRV57162","Yes"
"PRV57165","No"
"PRV57166","Yes"
"PRV57167","Yes"
"PRV57168","No"
"PRV57169","No"
"PRV57170","Yes"
"PRV57171","No"
"PRV57172","Yes"
"PRV57173","Yes"
"PRV57174","No"
"PRV57175","No"
"PRV57176","No"
"PRV57177","Yes"
"PRV57179","Yes"
"PRV57181","No"
"PRV57182","No"
"PRV57183","No"
"PRV57184","No"
"PRV57185","Yes"
"PRV57186","No"
"PRV57187","No"
"PRV57188","No"
"PRV57189","Yes"
"PRV57190","No"
"PRV57191","Yes"
"PRV57192","No"
"PRV57193","No"
"PRV57194","No"
"PRV57196","No"
"PRV57197","No"
"PRV57198","No"
"PRV57199","No"
"PRV57200","No"
"PRV57202","No"
"PRV57203","No"
"PRV57204","Yes"
"PRV57205","No"
"PRV57206","Yes"
"PRV57207","No"
"PRV57208","No"
"PRV57209","Yes"
"PRV57210","Yes"
"PRV57211","No"
"PRV57212","No"
"PRV57213","No"
"PRV57215","No"
"PRV57216","No"
"PRV57217","No"
"PRV57218","No"
"PRV57219","No"
"PRV57223","Yes"
"PRV57224","No"
"PRV57225","No"
"PRV57227","No"
"PRV57228","No"
"PRV57230","Yes"
"PRV57231","No"
"PRV57232","No"
"PRV57233","No"
"PRV57234","No"
"PRV57235","No"
"PRV57236","No"
"PRV57238","No"
"PRV57239","No"
"PRV57240","No"
"PRV57241","No"
"PRV57242","No"
"PRV57244","No"
"PRV57245","No"
"PRV57246","No"
"PRV57247","No"
"PRV57248","No"
"PRV57250","No"
"PRV57251","No"
"PRV57252","No"
"PRV57253","No"
"PRV57255","No"
"PRV57256","No"
"PRV57257","No"
"PRV57259","No"
"PRV57261","No"
"PRV57262","No"
"PRV57263","No"
"PRV57264","No"
"PRV57265","No"
"PRV57266","No"
"PRV57269","No"
"PRV57270","No"
"PRV57272","No"
"PRV57273","No"
"PRV57274","No"
"PRV57275","No"
"PRV57276","No"
"PRV57277","No"
"PRV57278","No"
"PRV57280","No"
"PRV57282","Yes"
"PRV57283","No"
"PRV57284","Yes"
"PRV57285","No"
"PRV57286","No"
"PRV57287","No"
"PRV57288","No"
"PRV57289","No"
"PRV57290","No"
"PRV57291","No"
"PRV57293","No"
"PRV57294","No"
"PRV57295","Yes"
"PRV57297","Yes"
"PRV57298","No"
"PRV57299","No"
"PRV57301","No"
"PRV57302","No"
"PRV57303","No"
"PRV57304","No"
"PRV57305","No"
"PRV57306","Yes"
"PRV57307","No"
"PRV57308","No"
"PRV57309","No"
"PRV57310","Yes"
"PRV57311","No"
"PRV57312","Yes"
"PRV57313","No"
"PRV57314","No"
"PRV57315","No"
"PRV57316","No"
"PRV57317","Yes"
"PRV57318","No"
"PRV57319","No"
"PRV57320","No"
"PRV57321","No"
"PRV57322","No"
"PRV57324","No"
"PRV57325","No"
"PRV57326","No"
"PRV57327","No"
"PRV57328","No"
"PRV57329","No"
"PRV57330","No"
"PRV57331","No"
"PRV57332","No"
"PRV57333","No"
"PRV57334","No"
"PRV57335","Yes"
"PRV57336","No"
"PRV57339","No"
"PRV57340","No"
"PRV57341","Yes"
"PRV57343","No"
"PRV57344","Yes"
"PRV57345","Yes"
"PRV57346","No"
"PRV57347","No"
"PRV57348","No"
"PRV57350","No"
"PRV57351","No"
"PRV57352","No"
"PRV57354","No"
"PRV57355","No"
"PRV57356","No"
"PRV57357","No"
"PRV57358","No"
"PRV57359","No"
"PRV57361","No"
"PRV57363","No"
"PRV57364","No"
"PRV57365","No"
"PRV57366","No"
"PRV57367","No"
"PRV57368","No"
"PRV57369","No"
"PRV57371","No"
"PRV57372","No"
"PRV57373","No"
"PRV57374","No"
"PRV57375","No"
"PRV57376","No"
"PRV57378","No"
"PRV57379","No"
"PRV57380","No"
"PRV57381","No"
"PRV57382","No"
"PRV57385","No"
"PRV57386","No"
"PRV57388","No"
"PRV57389","No"
"PRV57390","No"
"PRV57391","No"
"PRV57392","No"
"PRV57393","No"
"PRV57394","No"
"PRV57396","No"
"PRV57397","No"
"PRV57398","No"
"PRV57399","No"
"PRV57400","No"
"PRV57401","No"
"PRV57402","No"
"PRV57403","No"
"PRV57404","No"
"PRV57405","No"
"PRV57406","No"
"PRV57407","No"
"PRV57408","No"
"PRV57409","Yes"
"PRV57410","No"
"PRV57411","No"
"PRV57412","No"
"PRV57413","No"
"PRV57414","No"
"PRV57415","No"
"PRV57416","No"
"PRV57417","No"
"PRV57419","No"
"PRV57421","No"
"PRV57422","No"
"PRV57423","No"
"PRV57424","No"
"PRV57425","Yes"
"PRV57426","No"
"PRV57427","No"
"PRV57429","No"
"PRV57431","No"
"PRV57432","No"
"PRV57433","No"
"PRV57434","No"
"PRV57435","No"
"PRV57436","No"
"PRV57437","No"
"PRV57438","No"
"PRV57440","No"
"PRV57441","No"
"PRV57443","No"
"PRV57444","No"
"PRV57445","No"
"PRV57446","No"
"PRV57447","No"
"PRV57448","No"
"PRV57449","No"
"PRV57450","No"
"PRV57452","No"
"PRV57453","No"
"PRV57454","No"
"PRV57455","No"
"PRV57456","No"
"PRV57459","No"
"PRV57460","No"
"PRV57461","No"
"PRV57462","No"
"PRV57463","No"
"PRV57464","No"
"PRV57465","No"
"PRV57467","No"
"PRV57468","No"
"PRV57469","No"
"PRV57470","No"
"PRV57471","No"
"PRV57472","No"
"PRV57473","No"
"PRV57474","No"
"PRV57475","No"
"PRV57476","No"
"PRV57477","No"
"PRV57479","No"
"PRV57481","Yes"
"PRV57484","No"
"PRV57485","No"
"PRV57486","No"
"PRV57487","No"
"PRV57488","No"
"PRV57489","No"
"PRV57490","No"
"PRV57491","No"
"PRV57492","No"
"PRV57495","Yes"
"PRV57496","No"
"PRV57499","No"
"PRV57500","No"
"PRV57501","No"
"PRV57502","Yes"
"PRV57504","No"
"PRV57507","No"
"PRV57509","No"
"PRV57510","No"
"PRV57512","No"
"PRV57514","No"
"PRV57515","No"
"PRV57516","No"
"PRV57517","No"
"PRV57518","No"
"PRV57519","No"
"PRV57520","No"
"PRV57521","No"
"PRV57522","No"
"PRV57523","No"
"PRV57525","Yes"
"PRV57526","No"
"PRV57527","Yes"
"PRV57528","Yes"
"PRV57529","No"
"PRV57530","No"
"PRV57531","No"
"PRV57532","No"
"PRV57533","No"
"PRV57534","No"
"PRV57536","No"
"PRV57539","No"
"PRV57540","No"
"PRV57541","No"
"PRV57542","No"
"PRV57543","Yes"
"PRV57544","No"
"PRV57545","No"
"PRV57546","No"
"PRV57547","Yes"
"PRV57548","Yes"
"PRV57549","No"
"PRV57550","No"
"PRV57551","No"
"PRV57552","No"
"PRV57553","No"
"PRV57555","No"
"PRV57557","No"
"PRV57558","No"
"PRV57560","No"
"PRV57561","No"
"PRV57563","No"
"PRV57564","No"
"PRV57565","No"
"PRV57567","No"
"PRV57568","No"
"PRV57569","Yes"
"PRV57570","No"
"PRV57571","No"
"PRV57572","No"
"PRV57573","No"
"PRV57574","No"
"PRV57575","No"
"PRV57576","No"
"PRV57577","No"
"PRV57578","No"
"PRV57580","No"
"PRV57581","No"
"PRV57583","No"
"PRV57584","No"
"PRV57585","No"
"PRV57586","No"
"PRV57588","No"
"PRV57590","No"
"PRV57592","No"
"PRV57593","No"
"PRV57594","No"
"PRV57595","No"
"PRV57596","No"
"PRV57597","No"
"PRV57598","No"
"PRV57599","No"
"PRV57600","No"
"PRV57601","No"
"PRV57602","No"
"PRV57603","No"
"PRV57605","No"
"PRV57609","No"
"PRV57610","No"
"PRV57611","No"
"PRV57612","No"
"PRV57613","No"
"PRV57614","No"
"PRV57615","No"
"PRV57616","No"
"PRV57617","No"
"PRV57618","No"
"PRV57619","No"
"PRV57623","No"
"PRV57624","No"
"PRV57625","No"
"PRV57626","No"
"PRV57627","No"
"PRV57629","No"
"PRV57630","No"
"PRV57631","Yes"
"PRV57632","No"
"PRV57633","No"
"PRV57634","No"
"PRV57635","No"
"PRV57636","No"
"PRV57638","No"
"PRV57639","No"
"PRV57640","No"
"PRV57641","No"
"PRV57642","Yes"
"PRV57643","No"
"PRV57645","No"
"PRV57646","No"
"PRV57647","No"
"PRV57650","No"
"PRV57651","No"
"PRV57652","No"
"PRV57653","No"
"PRV57654","No"
"PRV57655","No"
"PRV57657","No"
"PRV57658","No"
"PRV57659","No"
"PRV57660","No"
"PRV57662","No"
"PRV57663","No"
"PRV57667","Yes"
"PRV57668","No"
"PRV57669","No"
"PRV57670","No"
"PRV57671","No"
"PRV57672","Yes"
"PRV57673","No"
"PRV57674","No"
"PRV57675","No"
"PRV57676","No"
"PRV57677","No"
"PRV57678","No"
"PRV57679","No"
"PRV57680","No"
"PRV57682","No"
"PRV57683","No"
"PRV57684","No"
"PRV57686","No"
"PRV57687","No"
"PRV57688","No"
"PRV57689","No"
"PRV57690","No"
"PRV57691","No"
"PRV57692","No"
"PRV57693","No"
"PRV57694","No"
"PRV57696","No"
"PRV57697","Yes"
"PRV57699","No"
"PRV57700","No"
"PRV57701","No"
"PRV57702","No"
"PRV57704","No"
"PRV57705","No"
"PRV57706","No"
"PRV57707","No"
"PRV57709","Yes"
"PRV57710","No"
"PRV57711","No"
"PRV57712","No"
"PRV57714","No"
"PRV57715","No"
"PRV57716","No"
"PRV57717","No"
"PRV57718","No"
"PRV57719","No"
"PRV57720","No"
"PRV57721","No"
"PRV57722","No"
"PRV57723","No"
"PRV57724","No"
"PRV57725","No"
"PRV57727","No"
"PRV57728","No"
"PRV57729","No"
"PRV57730","No"
"PRV57731","No"
"PRV57732","No"
"PRV57733","No"
"PRV57734","No"
"PRV57735","No"
"PRV57736","No"
"PRV57737","No"
"PRV57738","No"
"PRV57739","No"
"PRV57740","No"
"PRV57741","No"
"PRV57742","No"
"PRV57743","No"
"PRV57744","No"
"PRV57746","No"
"PRV57747","No"
"PRV57748","No"
"PRV57751","No"
"PRV57752","No"
"PRV57753","No"
"PRV57754","No"
"PRV57755","No"
"PRV57756","No"
"PRV57757","No"
"PRV57758","No"
"PRV57759","No"
"PRV57760","No"
"PRV57761","No"
"PRV57762","No"
"PRV57763","No"
